CaseID,Activity,Timestamp,Resource
1,Υποβολή Παραγγελίας,2024-01-01 08:07:00,Πελάτης
1,Έλεγχος Πληρωμής,2024-01-01 08:18:00,Σύστημα
1,Συλλογή Προϊόντων,2024-01-02 01:18:00,Αποθηκάριος
1,Συσκευασία,2024-01-02 01:38:00,Αποθηκάριος
1,Αποστολή,2024-01-02 03:38:00,Courier
2,Υποβολή Παραγγελίας,2024-01-01 08:27:00,Πελάτης
2,Έλεγχος Πληρωμής,2024-01-01 08:40:00,Σύστημα
2,Συλλογή Προϊόντων,2024-01-01 23:40:00,Αποθηκάριος
2,Συσκευασία,2024-01-02 00:10:00,Αποθηκάριος
2,Αποστολή,2024-01-02 04:10:00,Courier
3,Υποβολή Παραγγελίας,2024-01-01 08:26:00,Πελάτης
3,Έλεγχος Πληρωμής,2024-01-01 08:33:00,Σύστημα
3,Συλλογή Προϊόντων,2024-01-02 04:33:00,Αποθηκάριος
3,Συσκευασία,2024-01-02 04:57:00,Αποθηκάριος
3,Αποστολή,2024-01-02 05:57:00,Courier
4,Υποβολή Παραγγελίας,2024-01-01 08:37:00,Πελάτης
4,Έλεγχος Πληρωμής,2024-01-01 08:42:00,Σύστημα
4,Συλλογή Προϊόντων,2024-01-01 12:42:00,Αποθηκάριος
4,Συσκευασία,2024-01-01 12:53:00,Αποθηκάριος
4,Αποστολή,2024-01-01 16:53:00,Courier
5,Υποβολή Παραγγελίας,2024-01-01 08:59:00,Πελάτης
5,Έλεγχος Πληρωμής,2024-01-01 09:10:00,Σύστημα
5,Ακύρωση Παραγγελίας,2024-01-01 09:54:00,Σύστημα
6,Υποβολή Παραγγελίας,2024-01-01 09:50:00,Πελάτης
6,Έλεγχος Πληρωμής,2024-01-01 10:00:00,Σύστημα
6,Συλλογή Προϊόντων,2024-01-02 08:00:00,Αποθηκάριος
6,Συσκευασία,2024-01-02 08:26:00,Αποθηκάριος
6,Αποστολή,2024-01-02 13:26:00,Courier
7,Υποβολή Παραγγελίας,2024-01-01 09:55:00,Πελάτης
7,Έλεγχος Πληρωμής,2024-01-01 10:08:00,Σύστημα
7,Ακύρωση Παραγγελίας,2024-01-01 10:59:00,Σύστημα
8,Υποβολή Παραγγελίας,2024-01-01 09:47:00,Πελάτης
8,Έλεγχος Πληρωμής,2024-01-01 09:50:00,Σύστημα
8,Συλλογή Προϊόντων,2024-01-01 11:50:00,Αποθηκάριος
8,Συσκευασία,2024-01-01 12:03:00,Αποθηκάριος
8,Αποστολή,2024-01-01 15:03:00,Courier
9,Υποβολή Παραγγελίας,2024-01-01 09:56:00,Πελάτης
9,Έλεγχος Πληρωμής,2024-01-01 10:09:00,Σύστημα
9,Συλλογή Προϊόντων,2024-01-02 00:09:00,Αποθηκάριος
9,Συσκευασία,2024-01-02 00:23:00,Αποθηκάριος
9,Αποστολή,2024-01-02 05:23:00,Courier
10,Υποβολή Παραγγελίας,2024-01-01 10:42:00,Πελάτης
10,Έλεγχος Πληρωμής,2024-01-01 10:43:00,Σύστημα
10,Συλλογή Προϊόντων,2024-01-02 09:43:00,Αποθηκάριος
10,Συσκευασία,2024-01-02 10:07:00,Αποθηκάριος
10,Διόρθωση Συσκευασίας,2024-01-02 11:07:00,Επόπτης
10,Συσκευασία,2024-01-02 11:15:00,Αποθηκάριος
10,Αποστολή,2024-01-02 12:15:00,Courier
11,Υποβολή Παραγγελίας,2024-01-01 10:21:00,Πελάτης
11,Έλεγχος Πληρωμής,2024-01-01 10:24:00,Σύστημα
11,Συλλογή Προϊόντων,2024-01-02 03:24:00,Αποθηκάριος
11,Συσκευασία,2024-01-02 03:39:00,Αποθηκάριος
11,Αποστολή,2024-01-02 06:39:00,Courier
12,Υποβολή Παραγγελίας,2024-01-01 10:48:00,Πελάτης
12,Έλεγχος Πληρωμής,2024-01-01 11:03:00,Σύστημα
12,Συλλογή Προϊόντων,2024-01-02 08:03:00,Αποθηκάριος
12,Συσκευασία,2024-01-02 08:13:00,Αποθηκάριος
12,Αποστολή,2024-01-02 12:13:00,Courier
13,Υποβολή Παραγγελίας,2024-01-01 10:47:00,Πελάτης
13,Έλεγχος Πληρωμής,2024-01-01 10:57:00,Σύστημα
13,Ακύρωση Παραγγελίας,2024-01-01 11:16:00,Σύστημα
14,Υποβολή Παραγγελίας,2024-01-01 11:32:00,Πελάτης
14,Έλεγχος Πληρωμής,2024-01-01 11:43:00,Σύστημα
14,Συλλογή Προϊόντων,2024-01-01 21:43:00,Αποθηκάριος
14,Συσκευασία,2024-01-01 22:09:00,Αποθηκάριος
14,Αποστολή,2024-01-02 01:09:00,Courier
15,Υποβολή Παραγγελίας,2024-01-01 11:31:00,Πελάτης
15,Έλεγχος Πληρωμής,2024-01-01 11:34:00,Σύστημα
15,Συλλογή Προϊόντων,2024-01-01 16:34:00,Αποθηκάριος
15,Συσκευασία,2024-01-01 17:03:00,Αποθηκάριος
15,Αποστολή,2024-01-01 19:03:00,Courier
16,Υποβολή Παραγγελίας,2024-01-01 11:22:00,Πελάτης
16,Έλεγχος Πληρωμής,2024-01-01 11:27:00,Σύστημα
16,Συλλογή Προϊόντων,2024-01-02 06:27:00,Αποθηκάριος
16,Συσκευασία,2024-01-02 06:50:00,Αποθηκάριος
16,Διόρθωση Συσκευασίας,2024-01-02 07:20:00,Επόπτης
16,Συσκευασία,2024-01-02 07:28:00,Αποθηκάριος
16,Αποστολή,2024-01-02 08:28:00,Courier
17,Υποβολή Παραγγελίας,2024-01-01 12:00:00,Πελάτης
17,Έλεγχος Πληρωμής,2024-01-01 12:15:00,Σύστημα
17,Ακύρωση Παραγγελίας,2024-01-01 12:53:00,Σύστημα
18,Υποβολή Παραγγελίας,2024-01-01 12:20:00,Πελάτης
18,Έλεγχος Πληρωμής,2024-01-01 12:21:00,Σύστημα
18,Συλλογή Προϊόντων,2024-01-02 08:21:00,Αποθηκάριος
18,Συσκευασία,2024-01-02 08:50:00,Αποθηκάριος
18,Αποστολή,2024-01-02 12:50:00,Courier
19,Υποβολή Παραγγελίας,2024-01-01 12:40:00,Πελάτης
19,Έλεγχος Πληρωμής,2024-01-01 12:53:00,Σύστημα
19,Συλλογή Προϊόντων,2024-01-01 22:53:00,Αποθηκάριος
19,Συσκευασία,2024-01-01 23:08:00,Αποθηκάριος
19,Διόρθωση Συσκευασίας,2024-01-01 23:24:00,Επόπτης
19,Συσκευασία,2024-01-01 23:31:00,Αποθηκάριος
19,Αποστολή,2024-01-02 04:31:00,Courier
20,Υποβολή Παραγγελίας,2024-01-01 13:14:00,Πελάτης
20,Έλεγχος Πληρωμής,2024-01-01 13:27:00,Σύστημα
20,Συλλογή Προϊόντων,2024-01-02 13:27:00,Αποθηκάριος
20,Συσκευασία,2024-01-02 13:45:00,Αποθηκάριος
20,Αποστολή,2024-01-02 16:45:00,Courier
21,Υποβολή Παραγγελίας,2024-01-01 12:51:00,Πελάτης
21,Έλεγχος Πληρωμής,2024-01-01 12:54:00,Σύστημα
21,Συλλογή Προϊόντων,2024-01-01 21:54:00,Αποθηκάριος
21,Συσκευασία,2024-01-01 22:07:00,Αποθηκάριος
21,Αποστολή,2024-01-02 01:07:00,Courier
22,Υποβολή Παραγγελίας,2024-01-01 13:33:00,Πελάτης
22,Έλεγχος Πληρωμής,2024-01-01 13:47:00,Σύστημα
22,Συλλογή Προϊόντων,2024-01-01 17:47:00,Αποθηκάριος
22,Συσκευασία,2024-01-01 18:02:00,Αποθηκάριος
22,Αποστολή,2024-01-01 20:02:00,Courier
23,Υποβολή Παραγγελίας,2024-01-01 13:05:00,Πελάτης
23,Έλεγχος Πληρωμής,2024-01-01 13:06:00,Σύστημα
23,Συλλογή Προϊόντων,2024-01-01 16:06:00,Αποθηκάριος
23,Συσκευασία,2024-01-01 16:32:00,Αποθηκάριος
23,Αποστολή,2024-01-01 19:32:00,Courier
24,Υποβολή Παραγγελίας,2024-01-01 13:53:00,Πελάτης
24,Έλεγχος Πληρωμής,2024-01-01 14:07:00,Σύστημα
24,Συλλογή Προϊόντων,2024-01-02 13:07:00,Αποθηκάριος
24,Συσκευασία,2024-01-02 13:18:00,Αποθηκάριος
24,Αποστολή,2024-01-02 18:18:00,Courier
25,Υποβολή Παραγγελίας,2024-01-01 13:34:00,Πελάτης
25,Έλεγχος Πληρωμής,2024-01-01 13:41:00,Σύστημα
25,Συλλογή Προϊόντων,2024-01-02 01:41:00,Αποθηκάριος
25,Συσκευασία,2024-01-02 02:05:00,Αποθηκάριος
25,Αποστολή,2024-01-02 05:05:00,Courier
26,Υποβολή Παραγγελίας,2024-01-01 13:50:00,Πελάτης
26,Έλεγχος Πληρωμής,2024-01-01 13:57:00,Σύστημα
26,Συλλογή Προϊόντων,2024-01-01 19:57:00,Αποθηκάριος
26,Συσκευασία,2024-01-01 20:24:00,Αποθηκάριος
26,Διόρθωση Συσκευασίας,2024-01-01 20:50:00,Επόπτης
26,Συσκευασία,2024-01-01 20:55:00,Αποθηκάριος
26,Αποστολή,2024-01-01 21:55:00,Courier
27,Υποβολή Παραγγελίας,2024-01-01 14:38:00,Πελάτης
27,Έλεγχος Πληρωμής,2024-01-01 14:44:00,Σύστημα
27,Συλλογή Προϊόντων,2024-01-02 01:44:00,Αποθηκάριος
27,Συσκευασία,2024-01-02 02:13:00,Αποθηκάριος
27,Αποστολή,2024-01-02 04:13:00,Courier
28,Υποβολή Παραγγελίας,2024-01-01 14:07:00,Πελάτης
28,Έλεγχος Πληρωμής,2024-01-01 14:18:00,Σύστημα
28,Συλλογή Προϊόντων,2024-01-02 02:18:00,Αποθηκάριος
28,Συσκευασία,2024-01-02 02:39:00,Αποθηκάριος
28,Αποστολή,2024-01-02 05:39:00,Courier
29,Υποβολή Παραγγελίας,2024-01-01 14:35:00,Πελάτης
29,Έλεγχος Πληρωμής,2024-01-01 14:43:00,Σύστημα
29,Συλλογή Προϊόντων,2024-01-01 21:43:00,Αποθηκάριος
29,Συσκευασία,2024-01-01 21:56:00,Αποθηκάριος
29,Αποστολή,2024-01-01 22:56:00,Courier
30,Υποβολή Παραγγελίας,2024-01-01 15:26:00,Πελάτης
30,Έλεγχος Πληρωμής,2024-01-01 15:36:00,Σύστημα
30,Συλλογή Προϊόντων,2024-01-01 20:36:00,Αποθηκάριος
30,Συσκευασία,2024-01-01 21:06:00,Αποθηκάριος
30,Αποστολή,2024-01-02 02:06:00,Courier
31,Υποβολή Παραγγελίας,2024-01-01 14:55:00,Πελάτης
31,Έλεγχος Πληρωμής,2024-01-01 15:02:00,Σύστημα
31,Συλλογή Προϊόντων,2024-01-02 15:02:00,Αποθηκάριος
31,Συσκευασία,2024-01-02 15:25:00,Αποθηκάριος
31,Αποστολή,2024-01-02 16:25:00,Courier
32,Υποβολή Παραγγελίας,2024-01-01 15:22:00,Πελάτης
32,Έλεγχος Πληρωμής,2024-01-01 15:26:00,Σύστημα
32,Συλλογή Προϊόντων,2024-01-01 18:26:00,Αποθηκάριος
32,Συσκευασία,2024-01-01 18:38:00,Αποθηκάριος
32,Αποστολή,2024-01-01 19:38:00,Courier
33,Υποβολή Παραγγελίας,2024-01-01 15:44:00,Πελάτης
33,Έλεγχος Πληρωμής,2024-01-01 15:56:00,Σύστημα
33,Ακύρωση Παραγγελίας,2024-01-01 16:11:00,Σύστημα
34,Υποβολή Παραγγελίας,2024-01-01 15:47:00,Πελάτης
34,Έλεγχος Πληρωμής,2024-01-01 16:00:00,Σύστημα
34,Συλλογή Προϊόντων,2024-01-02 00:00:00,Αποθηκάριος
34,Συσκευασία,2024-01-02 00:13:00,Αποθηκάριος
34,Αποστολή,2024-01-02 04:13:00,Courier
35,Υποβολή Παραγγελίας,2024-01-01 15:41:00,Πελάτης
35,Έλεγχος Πληρωμής,2024-01-01 15:48:00,Σύστημα
35,Συλλογή Προϊόντων,2024-01-02 15:48:00,Αποθηκάριος
35,Συσκευασία,2024-01-02 16:18:00,Αποθηκάριος
35,Αποστολή,2024-01-02 18:18:00,Courier
36,Υποβολή Παραγγελίας,2024-01-01 15:34:00,Πελάτης
36,Έλεγχος Πληρωμής,2024-01-01 15:36:00,Σύστημα
36,Συλλογή Προϊόντων,2024-01-02 12:36:00,Αποθηκάριος
36,Συσκευασία,2024-01-02 12:54:00,Αποθηκάριος
36,Αποστολή,2024-01-02 17:54:00,Courier
37,Υποβολή Παραγγελίας,2024-01-01 16:26:00,Πελάτης
37,Έλεγχος Πληρωμής,2024-01-01 16:29:00,Σύστημα
37,Συλλογή Προϊόντων,2024-01-02 12:29:00,Αποθηκάριος
37,Συσκευασία,2024-01-02 12:55:00,Αποθηκάριος
37,Αποστολή,2024-01-02 13:55:00,Courier
38,Υποβολή Παραγγελίας,2024-01-01 15:47:00,Πελάτης
38,Έλεγχος Πληρωμής,2024-01-01 16:01:00,Σύστημα
38,Συλλογή Προϊόντων,2024-01-01 19:01:00,Αποθηκάριος
38,Συσκευασία,2024-01-01 19:28:00,Αποθηκάριος
38,Αποστολή,2024-01-01 21:28:00,Courier
39,Υποβολή Παραγγελίας,2024-01-01 16:00:00,Πελάτης
39,Έλεγχος Πληρωμής,2024-01-01 16:15:00,Σύστημα
39,Συλλογή Προϊόντων,2024-01-02 15:15:00,Αποθηκάριος
39,Συσκευασία,2024-01-02 15:40:00,Αποθηκάριος
39,Αποστολή,2024-01-02 16:40:00,Courier
40,Υποβολή Παραγγελίας,2024-01-01 17:02:00,Πελάτης
40,Έλεγχος Πληρωμής,2024-01-01 17:12:00,Σύστημα
40,Συλλογή Προϊόντων,2024-01-01 22:12:00,Αποθηκάριος
40,Συσκευασία,2024-01-01 22:28:00,Αποθηκάριος
40,Αποστολή,2024-01-01 23:28:00,Courier
41,Υποβολή Παραγγελίας,2024-01-01 17:11:00,Πελάτης
41,Έλεγχος Πληρωμής,2024-01-01 17:21:00,Σύστημα
41,Συλλογή Προϊόντων,2024-01-01 23:21:00,Αποθηκάριος
41,Συσκευασία,2024-01-01 23:49:00,Αποθηκάριος
41,Διόρθωση Συσκευασίας,2024-01-02 00:32:00,Επόπτης
41,Συσκευασία,2024-01-02 00:38:00,Αποθηκάριος
41,Αποστολή,2024-01-02 03:38:00,Courier
42,Υποβολή Παραγγελίας,2024-01-01 17:06:00,Πελάτης
42,Έλεγχος Πληρωμής,2024-01-01 17:08:00,Σύστημα
42,Συλλογή Προϊόντων,2024-01-01 22:08:00,Αποθηκάριος
42,Συσκευασία,2024-01-01 22:33:00,Αποθηκάριος
42,Αποστολή,2024-01-02 01:33:00,Courier
43,Υποβολή Παραγγελίας,2024-01-01 17:09:00,Πελάτης
43,Έλεγχος Πληρωμής,2024-01-01 17:24:00,Σύστημα
43,Συλλογή Προϊόντων,2024-01-02 14:24:00,Αποθηκάριος
43,Συσκευασία,2024-01-02 14:49:00,Αποθηκάριος
43,Αποστολή,2024-01-02 19:49:00,Courier
44,Υποβολή Παραγγελίας,2024-01-01 17:16:00,Πελάτης
44,Έλεγχος Πληρωμής,2024-01-01 17:21:00,Σύστημα
44,Συλλογή Προϊόντων,2024-01-02 10:21:00,Αποθηκάριος
44,Συσκευασία,2024-01-02 10:39:00,Αποθηκάριος
44,Αποστολή,2024-01-02 12:39:00,Courier
45,Υποβολή Παραγγελίας,2024-01-01 17:47:00,Πελάτης
45,Έλεγχος Πληρωμής,2024-01-01 18:00:00,Σύστημα
45,Συλλογή Προϊόντων,2024-01-02 10:00:00,Αποθηκάριος
45,Συσκευασία,2024-01-02 10:16:00,Αποθηκάριος
45,Αποστολή,2024-01-02 11:16:00,Courier
46,Υποβολή Παραγγελίας,2024-01-01 17:55:00,Πελάτης
46,Έλεγχος Πληρωμής,2024-01-01 18:03:00,Σύστημα
46,Συλλογή Προϊόντων,2024-01-02 15:03:00,Αποθηκάριος
46,Συσκευασία,2024-01-02 15:24:00,Αποθηκάριος
46,Αποστολή,2024-01-02 18:24:00,Courier
47,Υποβολή Παραγγελίας,2024-01-01 18:12:00,Πελάτης
47,Έλεγχος Πληρωμής,2024-01-01 18:15:00,Σύστημα
47,Ακύρωση Παραγγελίας,2024-01-01 19:08:00,Σύστημα
48,Υποβολή Παραγγελίας,2024-01-01 18:35:00,Πελάτης
48,Έλεγχος Πληρωμής,2024-01-01 18:38:00,Σύστημα
48,Ακύρωση Παραγγελίας,2024-01-01 18:49:00,Σύστημα
49,Υποβολή Παραγγελίας,2024-01-01 18:50:00,Πελάτης
49,Έλεγχος Πληρωμής,2024-01-01 19:04:00,Σύστημα
49,Συλλογή Προϊόντων,2024-01-02 18:04:00,Αποθηκάριος
49,Συσκευασία,2024-01-02 18:29:00,Αποθηκάριος
49,Αποστολή,2024-01-02 20:29:00,Courier
50,Υποβολή Παραγγελίας,2024-01-01 19:13:00,Πελάτης
50,Έλεγχος Πληρωμής,2024-01-01 19:18:00,Σύστημα
50,Συλλογή Προϊόντων,2024-01-02 06:18:00,Αποθηκάριος
50,Συσκευασία,2024-01-02 06:37:00,Αποθηκάριος
50,Αποστολή,2024-01-02 09:37:00,Courier
51,Υποβολή Παραγγελίας,2024-01-01 18:39:00,Πελάτης
51,Έλεγχος Πληρωμής,2024-01-01 18:53:00,Σύστημα
51,Συλλογή Προϊόντων,2024-01-02 06:53:00,Αποθηκάριος
51,Συσκευασία,2024-01-02 07:23:00,Αποθηκάριος
51,Αποστολή,2024-01-02 12:23:00,Courier
52,Υποβολή Παραγγελίας,2024-01-01 19:15:00,Πελάτης
52,Έλεγχος Πληρωμής,2024-01-01 19:19:00,Σύστημα
52,Συλλογή Προϊόντων,2024-01-02 08:19:00,Αποθηκάριος
52,Συσκευασία,2024-01-02 08:45:00,Αποθηκάριος
52,Αποστολή,2024-01-02 10:45:00,Courier
53,Υποβολή Παραγγελίας,2024-01-01 19:54:00,Πελάτης
53,Έλεγχος Πληρωμής,2024-01-01 19:56:00,Σύστημα
53,Συλλογή Προϊόντων,2024-01-02 12:56:00,Αποθηκάριος
53,Συσκευασία,2024-01-02 13:09:00,Αποθηκάριος
53,Διόρθωση Συσκευασίας,2024-01-02 13:37:00,Επόπτης
53,Συσκευασία,2024-01-02 13:46:00,Αποθηκάριος
53,Αποστολή,2024-01-02 17:46:00,Courier
54,Υποβολή Παραγγελίας,2024-01-01 19:40:00,Πελάτης
54,Έλεγχος Πληρωμής,2024-01-01 19:51:00,Σύστημα
54,Συλλογή Προϊόντων,2024-01-01 22:51:00,Αποθηκάριος
54,Συσκευασία,2024-01-01 23:06:00,Αποθηκάριος
54,Διόρθωση Συσκευασίας,2024-01-01 23:58:00,Επόπτης
54,Συσκευασία,2024-01-02 00:12:00,Αποθηκάριος
54,Αποστολή,2024-01-02 03:12:00,Courier
55,Υποβολή Παραγγελίας,2024-01-01 19:46:00,Πελάτης
55,Έλεγχος Πληρωμής,2024-01-01 19:49:00,Σύστημα
55,Συλλογή Προϊόντων,2024-01-02 11:49:00,Αποθηκάριος
55,Συσκευασία,2024-01-02 12:00:00,Αποθηκάριος
55,Αποστολή,2024-01-02 14:00:00,Courier
56,Υποβολή Παραγγελίας,2024-01-01 20:01:00,Πελάτης
56,Έλεγχος Πληρωμής,2024-01-01 20:10:00,Σύστημα
56,Συλλογή Προϊόντων,2024-01-02 05:10:00,Αποθηκάριος
56,Συσκευασία,2024-01-02 05:32:00,Αποθηκάριος
56,Αποστολή,2024-01-02 10:32:00,Courier
57,Υποβολή Παραγγελίας,2024-01-01 20:17:00,Πελάτης
57,Έλεγχος Πληρωμής,2024-01-01 20:22:00,Σύστημα
57,Συλλογή Προϊόντων,2024-01-01 22:22:00,Αποθηκάριος
57,Συσκευασία,2024-01-01 22:37:00,Αποθηκάριος
57,Αποστολή,2024-01-02 00:37:00,Courier
58,Υποβολή Παραγγελίας,2024-01-01 20:40:00,Πελάτης
58,Έλεγχος Πληρωμής,2024-01-01 20:54:00,Σύστημα
58,Συλλογή Προϊόντων,2024-01-02 13:54:00,Αποθηκάριος
58,Συσκευασία,2024-01-02 14:05:00,Αποθηκάριος
58,Αποστολή,2024-01-02 15:05:00,Courier
59,Υποβολή Παραγγελίας,2024-01-01 20:44:00,Πελάτης
59,Έλεγχος Πληρωμής,2024-01-01 20:52:00,Σύστημα
59,Συλλογή Προϊόντων,2024-01-02 15:52:00,Αποθηκάριος
59,Συσκευασία,2024-01-02 16:14:00,Αποθηκάριος
59,Διόρθωση Συσκευασίας,2024-01-02 16:46:00,Επόπτης
59,Συσκευασία,2024-01-02 16:59:00,Αποθηκάριος
59,Αποστολή,2024-01-02 20:59:00,Courier
60,Υποβολή Παραγγελίας,2024-01-01 21:05:00,Πελάτης
60,Έλεγχος Πληρωμής,2024-01-01 21:11:00,Σύστημα
60,Συλλογή Προϊόντων,2024-01-02 16:11:00,Αποθηκάριος
60,Συσκευασία,2024-01-02 16:22:00,Αποθηκάριος
60,Αποστολή,2024-01-02 19:22:00,Courier
61,Υποβολή Παραγγελίας,2024-01-01 20:38:00,Πελάτης
61,Έλεγχος Πληρωμής,2024-01-01 20:49:00,Σύστημα
61,Συλλογή Προϊόντων,2024-01-01 22:49:00,Αποθηκάριος
61,Συσκευασία,2024-01-01 23:13:00,Αποθηκάριος
61,Αποστολή,2024-01-02 02:13:00,Courier
62,Υποβολή Παραγγελίας,2024-01-01 21:16:00,Πελάτης
62,Έλεγχος Πληρωμής,2024-01-01 21:29:00,Σύστημα
62,Συλλογή Προϊόντων,2024-01-02 12:29:00,Αποθηκάριος
62,Συσκευασία,2024-01-02 12:43:00,Αποθηκάριος
62,Αποστολή,2024-01-02 13:43:00,Courier
63,Υποβολή Παραγγελίας,2024-01-01 21:05:00,Πελάτης
63,Έλεγχος Πληρωμής,2024-01-01 21:06:00,Σύστημα
63,Συλλογή Προϊόντων,2024-01-02 17:06:00,Αποθηκάριος
63,Συσκευασία,2024-01-02 17:26:00,Αποθηκάριος
63,Αποστολή,2024-01-02 21:26:00,Courier
64,Υποβολή Παραγγελίας,2024-01-01 22:10:00,Πελάτης
64,Έλεγχος Πληρωμής,2024-01-01 22:20:00,Σύστημα
64,Συλλογή Προϊόντων,2024-01-02 00:20:00,Αποθηκάριος
64,Συσκευασία,2024-01-02 00:43:00,Αποθηκάριος
64,Αποστολή,2024-01-02 03:43:00,Courier
65,Υποβολή Παραγγελίας,2024-01-01 21:49:00,Πελάτης
65,Έλεγχος Πληρωμής,2024-01-01 22:01:00,Σύστημα
65,Συλλογή Προϊόντων,2024-01-02 20:01:00,Αποθηκάριος
65,Συσκευασία,2024-01-02 20:13:00,Αποθηκάριος
65,Αποστολή,2024-01-03 01:13:00,Courier
66,Υποβολή Παραγγελίας,2024-01-01 21:59:00,Πελάτης
66,Έλεγχος Πληρωμής,2024-01-01 22:04:00,Σύστημα
66,Συλλογή Προϊόντων,2024-01-02 10:04:00,Αποθηκάριος
66,Συσκευασία,2024-01-02 10:16:00,Αποθηκάριος
66,Αποστολή,2024-01-02 14:16:00,Courier
67,Υποβολή Παραγγελίας,2024-01-01 22:25:00,Πελάτης
67,Έλεγχος Πληρωμής,2024-01-01 22:27:00,Σύστημα
67,Συλλογή Προϊόντων,2024-01-02 10:27:00,Αποθηκάριος
67,Συσκευασία,2024-01-02 10:43:00,Αποθηκάριος
67,Αποστολή,2024-01-02 15:43:00,Courier
68,Υποβολή Παραγγελίας,2024-01-01 22:18:00,Πελάτης
68,Έλεγχος Πληρωμής,2024-01-01 22:26:00,Σύστημα
68,Συλλογή Προϊόντων,2024-01-02 13:26:00,Αποθηκάριος
68,Συσκευασία,2024-01-02 13:49:00,Αποθηκάριος
68,Αποστολή,2024-01-02 18:49:00,Courier
69,Υποβολή Παραγγελίας,2024-01-01 22:55:00,Πελάτης
69,Έλεγχος Πληρωμής,2024-01-01 22:58:00,Σύστημα
69,Συλλογή Προϊόντων,2024-01-02 20:58:00,Αποθηκάριος
69,Συσκευασία,2024-01-02 21:25:00,Αποθηκάριος
69,Αποστολή,2024-01-03 01:25:00,Courier
70,Υποβολή Παραγγελίας,2024-01-01 23:39:00,Πελάτης
70,Έλεγχος Πληρωμής,2024-01-01 23:40:00,Σύστημα
70,Συλλογή Προϊόντων,2024-01-02 11:40:00,Αποθηκάριος
70,Συσκευασία,2024-01-02 12:10:00,Αποθηκάριος
70,Αποστολή,2024-01-02 14:10:00,Courier
71,Υποβολή Παραγγελίας,2024-01-01 23:15:00,Πελάτης
71,Έλεγχος Πληρωμής,2024-01-01 23:26:00,Σύστημα
71,Συλλογή Προϊόντων,2024-01-02 19:26:00,Αποθηκάριος
71,Συσκευασία,2024-01-02 19:55:00,Αποθηκάριος
71,Αποστολή,2024-01-02 21:55:00,Courier
72,Υποβολή Παραγγελίας,2024-01-02 00:07:00,Πελάτης
72,Έλεγχος Πληρωμής,2024-01-02 00:09:00,Σύστημα
72,Συλλογή Προϊόντων,2024-01-02 18:09:00,Αποθηκάριος
72,Συσκευασία,2024-01-02 18:39:00,Αποθηκάριος
72,Διόρθωση Συσκευασίας,2024-01-02 19:06:00,Επόπτης
72,Συσκευασία,2024-01-02 19:21:00,Αποθηκάριος
72,Αποστολή,2024-01-02 22:21:00,Courier
73,Υποβολή Παραγγελίας,2024-01-01 23:46:00,Πελάτης
73,Έλεγχος Πληρωμής,2024-01-01 23:58:00,Σύστημα
73,Συλλογή Προϊόντων,2024-01-02 23:58:00,Αποθηκάριος
73,Συσκευασία,2024-01-03 00:24:00,Αποθηκάριος
73,Αποστολή,2024-01-03 03:24:00,Courier
74,Υποβολή Παραγγελίας,2024-01-01 23:36:00,Πελάτης
74,Έλεγχος Πληρωμής,2024-01-01 23:45:00,Σύστημα
74,Συλλογή Προϊόντων,2024-01-02 06:45:00,Αποθηκάριος
74,Συσκευασία,2024-01-02 06:59:00,Αποθηκάριος
74,Αποστολή,2024-01-02 11:59:00,Courier
75,Υποβολή Παραγγελίας,2024-01-01 23:55:00,Πελάτης
75,Έλεγχος Πληρωμής,2024-01-02 00:02:00,Σύστημα
75,Συλλογή Προϊόντων,2024-01-02 10:02:00,Αποθηκάριος
75,Συσκευασία,2024-01-02 10:24:00,Αποθηκάριος
75,Αποστολή,2024-01-02 14:24:00,Courier
76,Υποβολή Παραγγελίας,2024-01-02 00:13:00,Πελάτης
76,Έλεγχος Πληρωμής,2024-01-02 00:17:00,Σύστημα
76,Συλλογή Προϊόντων,2024-01-02 13:17:00,Αποθηκάριος
76,Συσκευασία,2024-01-02 13:41:00,Αποθηκάριος
76,Διόρθωση Συσκευασίας,2024-01-02 13:56:00,Επόπτης
76,Συσκευασία,2024-01-02 14:09:00,Αποθηκάριος
76,Αποστολή,2024-01-02 17:09:00,Courier
77,Υποβολή Παραγγελίας,2024-01-02 00:03:00,Πελάτης
77,Έλεγχος Πληρωμής,2024-01-02 00:07:00,Σύστημα
77,Συλλογή Προϊόντων,2024-01-02 05:07:00,Αποθηκάριος
77,Συσκευασία,2024-01-02 05:21:00,Αποθηκάριος
77,Αποστολή,2024-01-02 09:21:00,Courier
78,Υποβολή Παραγγελίας,2024-01-02 00:42:00,Πελάτης
78,Έλεγχος Πληρωμής,2024-01-02 00:46:00,Σύστημα
78,Συλλογή Προϊόντων,2024-01-02 17:46:00,Αποθηκάριος
78,Συσκευασία,2024-01-02 18:08:00,Αποθηκάριος
78,Αποστολή,2024-01-02 22:08:00,Courier
79,Υποβολή Παραγγελίας,2024-01-02 00:56:00,Πελάτης
79,Έλεγχος Πληρωμής,2024-01-02 00:57:00,Σύστημα
79,Συλλογή Προϊόντων,2024-01-02 17:57:00,Αποθηκάριος
79,Συσκευασία,2024-01-02 18:12:00,Αποθηκάριος
79,Διόρθωση Συσκευασίας,2024-01-02 18:43:00,Επόπτης
79,Συσκευασία,2024-01-02 18:58:00,Αποθηκάριος
79,Αποστολή,2024-01-02 22:58:00,Courier
80,Υποβολή Παραγγελίας,2024-01-02 00:45:00,Πελάτης
80,Έλεγχος Πληρωμής,2024-01-02 00:54:00,Σύστημα
80,Συλλογή Προϊόντων,2024-01-02 17:54:00,Αποθηκάριος
80,Συσκευασία,2024-01-02 18:24:00,Αποθηκάριος
80,Αποστολή,2024-01-02 20:24:00,Courier
81,Υποβολή Παραγγελίας,2024-01-02 01:28:00,Πελάτης
81,Έλεγχος Πληρωμής,2024-01-02 01:29:00,Σύστημα
81,Συλλογή Προϊόντων,2024-01-02 13:29:00,Αποθηκάριος
81,Συσκευασία,2024-01-02 13:48:00,Αποθηκάριος
81,Αποστολή,2024-01-02 17:48:00,Courier
82,Υποβολή Παραγγελίας,2024-01-02 01:55:00,Πελάτης
82,Έλεγχος Πληρωμής,2024-01-02 02:02:00,Σύστημα
82,Συλλογή Προϊόντων,2024-01-02 20:02:00,Αποθηκάριος
82,Συσκευασία,2024-01-02 20:16:00,Αποθηκάριος
82,Αποστολή,2024-01-02 23:16:00,Courier
83,Υποβολή Παραγγελίας,2024-01-02 01:32:00,Πελάτης
83,Έλεγχος Πληρωμής,2024-01-02 01:47:00,Σύστημα
83,Συλλογή Προϊόντων,2024-01-02 05:47:00,Αποθηκάριος
83,Συσκευασία,2024-01-02 06:10:00,Αποθηκάριος
83,Αποστολή,2024-01-02 08:10:00,Courier
84,Υποβολή Παραγγελίας,2024-01-02 02:15:00,Πελάτης
84,Έλεγχος Πληρωμής,2024-01-02 02:28:00,Σύστημα
84,Συλλογή Προϊόντων,2024-01-03 02:28:00,Αποθηκάριος
84,Συσκευασία,2024-01-03 02:43:00,Αποθηκάριος
84,Αποστολή,2024-01-03 06:43:00,Courier
85,Υποβολή Παραγγελίας,2024-01-02 02:54:00,Πελάτης
85,Έλεγχος Πληρωμής,2024-01-02 03:01:00,Σύστημα
85,Ακύρωση Παραγγελίας,2024-01-02 03:58:00,Σύστημα
86,Υποβολή Παραγγελίας,2024-01-02 02:37:00,Πελάτης
86,Έλεγχος Πληρωμής,2024-01-02 02:51:00,Σύστημα
86,Συλλογή Προϊόντων,2024-01-02 23:51:00,Αποθηκάριος
86,Συσκευασία,2024-01-03 00:04:00,Αποθηκάριος
86,Αποστολή,2024-01-03 04:04:00,Courier
87,Υποβολή Παραγγελίας,2024-01-02 03:01:00,Πελάτης
87,Έλεγχος Πληρωμής,2024-01-02 03:10:00,Σύστημα
87,Συλλογή Προϊόντων,2024-01-03 02:10:00,Αποθηκάριος
87,Συσκευασία,2024-01-03 02:20:00,Αποθηκάριος
87,Αποστολή,2024-01-03 03:20:00,Courier
88,Υποβολή Παραγγελίας,2024-01-02 03:02:00,Πελάτης
88,Έλεγχος Πληρωμής,2024-01-02 03:14:00,Σύστημα
88,Συλλογή Προϊόντων,2024-01-03 01:14:00,Αποθηκάριος
88,Συσκευασία,2024-01-03 01:44:00,Αποθηκάριος
88,Αποστολή,2024-01-03 04:44:00,Courier
89,Υποβολή Παραγγελίας,2024-01-02 02:56:00,Πελάτης
89,Έλεγχος Πληρωμής,2024-01-02 02:57:00,Σύστημα
89,Ακύρωση Παραγγελίας,2024-01-02 03:17:00,Σύστημα
90,Υποβολή Παραγγελίας,2024-01-02 03:34:00,Πελάτης
90,Έλεγχος Πληρωμής,2024-01-02 03:36:00,Σύστημα
90,Συλλογή Προϊόντων,2024-01-02 22:36:00,Αποθηκάριος
90,Συσκευασία,2024-01-02 22:56:00,Αποθηκάριος
90,Αποστολή,2024-01-03 00:56:00,Courier
91,Υποβολή Παραγγελίας,2024-01-02 03:58:00,Πελάτης
91,Έλεγχος Πληρωμής,2024-01-02 04:07:00,Σύστημα
91,Συλλογή Προϊόντων,2024-01-02 19:07:00,Αποθηκάριος
91,Συσκευασία,2024-01-02 19:27:00,Αποθηκάριος
91,Αποστολή,2024-01-02 22:27:00,Courier
92,Υποβολή Παραγγελίας,2024-01-02 03:58:00,Πελάτης
92,Έλεγχος Πληρωμής,2024-01-02 04:01:00,Σύστημα
92,Συλλογή Προϊόντων,2024-01-02 21:01:00,Αποθηκάριος
92,Συσκευασία,2024-01-02 21:17:00,Αποθηκάριος
92,Αποστολή,2024-01-03 02:17:00,Courier
93,Υποβολή Παραγγελίας,2024-01-02 04:26:00,Πελάτης
93,Έλεγχος Πληρωμής,2024-01-02 04:30:00,Σύστημα
93,Συλλογή Προϊόντων,2024-01-02 13:30:00,Αποθηκάριος
93,Συσκευασία,2024-01-02 13:56:00,Αποθηκάριος
93,Αποστολή,2024-01-02 18:56:00,Courier
94,Υποβολή Παραγγελίας,2024-01-02 04:07:00,Πελάτης
94,Έλεγχος Πληρωμής,2024-01-02 04:22:00,Σύστημα
94,Συλλογή Προϊόντων,2024-01-02 12:22:00,Αποθηκάριος
94,Συσκευασία,2024-01-02 12:47:00,Αποθηκάριος
94,Αποστολή,2024-01-02 15:47:00,Courier
95,Υποβολή Παραγγελίας,2024-01-02 04:27:00,Πελάτης
95,Έλεγχος Πληρωμής,2024-01-02 04:35:00,Σύστημα
95,Συλλογή Προϊόντων,2024-01-02 12:35:00,Αποθηκάριος
95,Συσκευασία,2024-01-02 13:04:00,Αποθηκάριος
95,Αποστολή,2024-01-02 16:04:00,Courier
96,Υποβολή Παραγγελίας,2024-01-02 04:52:00,Πελάτης
96,Έλεγχος Πληρωμής,2024-01-02 05:06:00,Σύστημα
96,Συλλογή Προϊόντων,2024-01-02 14:06:00,Αποθηκάριος
96,Συσκευασία,2024-01-02 14:25:00,Αποθηκάριος
96,Αποστολή,2024-01-02 16:25:00,Courier
97,Υποβολή Παραγγελίας,2024-01-02 05:12:00,Πελάτης
97,Έλεγχος Πληρωμής,2024-01-02 05:27:00,Σύστημα
97,Συλλογή Προϊόντων,2024-01-03 02:27:00,Αποθηκάριος
97,Συσκευασία,2024-01-03 02:48:00,Αποθηκάριος
97,Αποστολή,2024-01-03 07:48:00,Courier
98,Υποβολή Παραγγελίας,2024-01-02 04:32:00,Πελάτης
98,Έλεγχος Πληρωμής,2024-01-02 04:33:00,Σύστημα
98,Συλλογή Προϊόντων,2024-01-02 19:33:00,Αποθηκάριος
98,Συσκευασία,2024-01-02 20:01:00,Αποθηκάριος
98,Αποστολή,2024-01-03 01:01:00,Courier
99,Υποβολή Παραγγελίας,2024-01-02 05:15:00,Πελάτης
99,Έλεγχος Πληρωμής,2024-01-02 05:22:00,Σύστημα
99,Συλλογή Προϊόντων,2024-01-02 15:22:00,Αποθηκάριος
99,Συσκευασία,2024-01-02 15:39:00,Αποθηκάριος
99,Διόρθωση Συσκευασίας,2024-01-02 15:56:00,Επόπτης
99,Συσκευασία,2024-01-02 16:09:00,Αποθηκάριος
99,Αποστολή,2024-01-02 18:09:00,Courier
100,Υποβολή Παραγγελίας,2024-01-02 04:49:00,Πελάτης
100,Έλεγχος Πληρωμής,2024-01-02 04:50:00,Σύστημα
100,Συλλογή Προϊόντων,2024-01-02 12:50:00,Αποθηκάριος
100,Συσκευασία,2024-01-02 13:08:00,Αποθηκάριος
100,Αποστολή,2024-01-02 14:08:00,Courier
101,Υποβολή Παραγγελίας,2024-01-02 05:47:00,Πελάτης
101,Έλεγχος Πληρωμής,2024-01-02 05:52:00,Σύστημα
101,Συλλογή Προϊόντων,2024-01-02 21:52:00,Αποθηκάριος
101,Συσκευασία,2024-01-02 22:07:00,Αποθηκάριος
101,Αποστολή,2024-01-03 01:07:00,Courier
102,Υποβολή Παραγγελίας,2024-01-02 05:55:00,Πελάτης
102,Έλεγχος Πληρωμής,2024-01-02 06:10:00,Σύστημα
102,Συλλογή Προϊόντων,2024-01-02 15:10:00,Αποθηκάριος
102,Συσκευασία,2024-01-02 15:29:00,Αποθηκάριος
102,Αποστολή,2024-01-02 20:29:00,Courier
103,Υποβολή Παραγγελίας,2024-01-02 05:56:00,Πελάτης
103,Έλεγχος Πληρωμής,2024-01-02 05:58:00,Σύστημα
103,Συλλογή Προϊόντων,2024-01-02 19:58:00,Αποθηκάριος
103,Συσκευασία,2024-01-02 20:12:00,Αποθηκάριος
103,Αποστολή,2024-01-02 21:12:00,Courier
104,Υποβολή Παραγγελίας,2024-01-02 05:35:00,Πελάτης
104,Έλεγχος Πληρωμής,2024-01-02 05:38:00,Σύστημα
104,Συλλογή Προϊόντων,2024-01-02 17:38:00,Αποθηκάριος
104,Συσκευασία,2024-01-02 17:48:00,Αποθηκάριος
104,Αποστολή,2024-01-02 22:48:00,Courier
105,Υποβολή Παραγγελίας,2024-01-02 06:20:00,Πελάτης
105,Έλεγχος Πληρωμής,2024-01-02 06:25:00,Σύστημα
105,Συλλογή Προϊόντων,2024-01-03 00:25:00,Αποθηκάριος
105,Συσκευασία,2024-01-03 00:35:00,Αποθηκάριος
105,Αποστολή,2024-01-03 02:35:00,Courier
106,Υποβολή Παραγγελίας,2024-01-02 06:33:00,Πελάτης
106,Έλεγχος Πληρωμής,2024-01-02 06:39:00,Σύστημα
106,Συλλογή Προϊόντων,2024-01-02 12:39:00,Αποθηκάριος
106,Συσκευασία,2024-01-02 12:58:00,Αποθηκάριος
106,Αποστολή,2024-01-02 17:58:00,Courier
107,Υποβολή Παραγγελίας,2024-01-02 06:20:00,Πελάτης
107,Έλεγχος Πληρωμής,2024-01-02 06:22:00,Σύστημα
107,Συλλογή Προϊόντων,2024-01-02 17:22:00,Αποθηκάριος
107,Συσκευασία,2024-01-02 17:41:00,Αποθηκάριος
107,Αποστολή,2024-01-02 21:41:00,Courier
108,Υποβολή Παραγγελίας,2024-01-02 06:36:00,Πελάτης
108,Έλεγχος Πληρωμής,2024-01-02 06:38:00,Σύστημα
108,Συλλογή Προϊόντων,2024-01-03 02:38:00,Αποθηκάριος
108,Συσκευασία,2024-01-03 02:58:00,Αποθηκάριος
108,Διόρθωση Συσκευασίας,2024-01-03 03:44:00,Επόπτης
108,Συσκευασία,2024-01-03 03:50:00,Αποθηκάριος
108,Αποστολή,2024-01-03 05:50:00,Courier
109,Υποβολή Παραγγελίας,2024-01-02 06:43:00,Πελάτης
109,Έλεγχος Πληρωμής,2024-01-02 06:52:00,Σύστημα
109,Συλλογή Προϊόντων,2024-01-02 22:52:00,Αποθηκάριος
109,Συσκευασία,2024-01-02 23:15:00,Αποθηκάριος
109,Διόρθωση Συσκευασίας,2024-01-02 23:34:00,Επόπτης
109,Συσκευασία,2024-01-02 23:48:00,Αποθηκάριος
109,Αποστολή,2024-01-03 02:48:00,Courier
110,Υποβολή Παραγγελίας,2024-01-02 06:47:00,Πελάτης
110,Έλεγχος Πληρωμής,2024-01-02 06:59:00,Σύστημα
110,Συλλογή Προϊόντων,2024-01-02 17:59:00,Αποθηκάριος
110,Συσκευασία,2024-01-02 18:26:00,Αποθηκάριος
110,Αποστολή,2024-01-02 21:26:00,Courier
111,Υποβολή Παραγγελίας,2024-01-02 06:56:00,Πελάτης
111,Έλεγχος Πληρωμής,2024-01-02 06:58:00,Σύστημα
111,Συλλογή Προϊόντων,2024-01-03 01:58:00,Αποθηκάριος
111,Συσκευασία,2024-01-03 02:21:00,Αποθηκάριος
111,Αποστολή,2024-01-03 04:21:00,Courier
112,Υποβολή Παραγγελίας,2024-01-02 06:50:00,Πελάτης
112,Έλεγχος Πληρωμής,2024-01-02 06:53:00,Σύστημα
112,Συλλογή Προϊόντων,2024-01-02 16:53:00,Αποθηκάριος
112,Συσκευασία,2024-01-02 17:11:00,Αποθηκάριος
112,Διόρθωση Συσκευασίας,2024-01-02 17:40:00,Επόπτης
112,Συσκευασία,2024-01-02 17:49:00,Αποθηκάριος
112,Αποστολή,2024-01-02 18:49:00,Courier
113,Υποβολή Παραγγελίας,2024-01-02 07:49:00,Πελάτης
113,Έλεγχος Πληρωμής,2024-01-02 07:50:00,Σύστημα
113,Συλλογή Προϊόντων,2024-01-02 16:50:00,Αποθηκάριος
113,Συσκευασία,2024-01-02 17:16:00,Αποθηκάριος
113,Αποστολή,2024-01-02 19:16:00,Courier
114,Υποβολή Παραγγελίας,2024-01-02 07:43:00,Πελάτης
114,Έλεγχος Πληρωμής,2024-01-02 07:46:00,Σύστημα
114,Συλλογή Προϊόντων,2024-01-02 22:46:00,Αποθηκάριος
114,Συσκευασία,2024-01-02 23:16:00,Αποθηκάριος
114,Αποστολή,2024-01-03 02:16:00,Courier
115,Υποβολή Παραγγελίας,2024-01-02 08:00:00,Πελάτης
115,Έλεγχος Πληρωμής,2024-01-02 08:06:00,Σύστημα
115,Συλλογή Προϊόντων,2024-01-02 12:06:00,Αποθηκάριος
115,Συσκευασία,2024-01-02 12:20:00,Αποθηκάριος
115,Αποστολή,2024-01-02 13:20:00,Courier
116,Υποβολή Παραγγελίας,2024-01-02 07:43:00,Πελάτης
116,Έλεγχος Πληρωμής,2024-01-02 07:53:00,Σύστημα
116,Συλλογή Προϊόντων,2024-01-02 18:53:00,Αποθηκάριος
116,Συσκευασία,2024-01-02 19:03:00,Αποθηκάριος
116,Διόρθωση Συσκευασίας,2024-01-02 19:43:00,Επόπτης
116,Συσκευασία,2024-01-02 19:54:00,Αποθηκάριος
116,Αποστολή,2024-01-02 21:54:00,Courier
117,Υποβολή Παραγγελίας,2024-01-02 08:32:00,Πελάτης
117,Έλεγχος Πληρωμής,2024-01-02 08:33:00,Σύστημα
117,Συλλογή Προϊόντων,2024-01-02 15:33:00,Αποθηκάριος
117,Συσκευασία,2024-01-02 15:53:00,Αποθηκάριος
117,Αποστολή,2024-01-02 17:53:00,Courier
118,Υποβολή Παραγγελίας,2024-01-02 08:17:00,Πελάτης
118,Έλεγχος Πληρωμής,2024-01-02 08:18:00,Σύστημα
118,Συλλογή Προϊόντων,2024-01-03 00:18:00,Αποθηκάριος
118,Συσκευασία,2024-01-03 00:28:00,Αποθηκάριος
118,Αποστολή,2024-01-03 01:28:00,Courier
119,Υποβολή Παραγγελίας,2024-01-02 08:20:00,Πελάτης
119,Έλεγχος Πληρωμής,2024-01-02 08:22:00,Σύστημα
119,Συλλογή Προϊόντων,2024-01-02 15:22:00,Αποθηκάριος
119,Συσκευασία,2024-01-02 15:34:00,Αποθηκάριος
119,Αποστολή,2024-01-02 20:34:00,Courier
120,Υποβολή Παραγγελίας,2024-01-02 09:21:00,Πελάτης
120,Έλεγχος Πληρωμής,2024-01-02 09:28:00,Σύστημα
120,Συλλογή Προϊόντων,2024-01-02 23:28:00,Αποθηκάριος
120,Συσκευασία,2024-01-02 23:41:00,Αποθηκάριος
120,Αποστολή,2024-01-03 03:41:00,Courier
121,Υποβολή Παραγγελίας,2024-01-02 09:20:00,Πελάτης
121,Έλεγχος Πληρωμής,2024-01-02 09:25:00,Σύστημα
121,Συλλογή Προϊόντων,2024-01-03 06:25:00,Αποθηκάριος
121,Συσκευασία,2024-01-03 06:37:00,Αποθηκάριος
121,Αποστολή,2024-01-03 11:37:00,Courier
122,Υποβολή Παραγγελίας,2024-01-02 09:42:00,Πελάτης
122,Έλεγχος Πληρωμής,2024-01-02 09:49:00,Σύστημα
122,Ακύρωση Παραγγελίας,2024-01-02 10:36:00,Σύστημα
123,Υποβολή Παραγγελίας,2024-01-02 09:35:00,Πελάτης
123,Έλεγχος Πληρωμής,2024-01-02 09:49:00,Σύστημα
123,Συλλογή Προϊόντων,2024-01-03 04:49:00,Αποθηκάριος
123,Συσκευασία,2024-01-03 05:03:00,Αποθηκάριος
123,Αποστολή,2024-01-03 10:03:00,Courier
124,Υποβολή Παραγγελίας,2024-01-02 09:25:00,Πελάτης
124,Έλεγχος Πληρωμής,2024-01-02 09:40:00,Σύστημα
124,Συλλογή Προϊόντων,2024-01-02 12:40:00,Αποθηκάριος
124,Συσκευασία,2024-01-02 13:09:00,Αποθηκάριος
124,Διόρθωση Συσκευασίας,2024-01-02 13:38:00,Επόπτης
124,Συσκευασία,2024-01-02 13:48:00,Αποθηκάριος
124,Αποστολή,2024-01-02 18:48:00,Courier
125,Υποβολή Παραγγελίας,2024-01-02 10:15:00,Πελάτης
125,Έλεγχος Πληρωμής,2024-01-02 10:25:00,Σύστημα
125,Συλλογή Προϊόντων,2024-01-03 03:25:00,Αποθηκάριος
125,Συσκευασία,2024-01-03 03:53:00,Αποθηκάριος
125,Αποστολή,2024-01-03 08:53:00,Courier
126,Υποβολή Παραγγελίας,2024-01-02 10:18:00,Πελάτης
126,Έλεγχος Πληρωμής,2024-01-02 10:28:00,Σύστημα
126,Συλλογή Προϊόντων,2024-01-03 04:28:00,Αποθηκάριος
126,Συσκευασία,2024-01-03 04:43:00,Αποθηκάριος
126,Αποστολή,2024-01-03 07:43:00,Courier
127,Υποβολή Παραγγελίας,2024-01-02 11:01:00,Πελάτης
127,Έλεγχος Πληρωμής,2024-01-02 11:13:00,Σύστημα
127,Συλλογή Προϊόντων,2024-01-03 09:13:00,Αποθηκάριος
127,Συσκευασία,2024-01-03 09:23:00,Αποθηκάριος
127,Αποστολή,2024-01-03 14:23:00,Courier
128,Υποβολή Παραγγελίας,2024-01-02 11:11:00,Πελάτης
128,Έλεγχος Πληρωμής,2024-01-02 11:16:00,Σύστημα
128,Συλλογή Προϊόντων,2024-01-03 07:16:00,Αποθηκάριος
128,Συσκευασία,2024-01-03 07:27:00,Αποθηκάριος
128,Αποστολή,2024-01-03 12:27:00,Courier
129,Υποβολή Παραγγελίας,2024-01-02 10:38:00,Πελάτης
129,Έλεγχος Πληρωμής,2024-01-02 10:39:00,Σύστημα
129,Συλλογή Προϊόντων,2024-01-03 04:39:00,Αποθηκάριος
129,Συσκευασία,2024-01-03 05:01:00,Αποθηκάριος
129,Διόρθωση Συσκευασίας,2024-01-03 05:21:00,Επόπτης
129,Συσκευασία,2024-01-03 05:27:00,Αποθηκάριος
129,Αποστολή,2024-01-03 10:27:00,Courier
130,Υποβολή Παραγγελίας,2024-01-02 11:33:00,Πελάτης
130,Έλεγχος Πληρωμής,2024-01-02 11:37:00,Σύστημα
130,Συλλογή Προϊόντων,2024-01-02 13:37:00,Αποθηκάριος
130,Συσκευασία,2024-01-02 13:55:00,Αποθηκάριος
130,Αποστολή,2024-01-02 17:55:00,Courier
131,Υποβολή Παραγγελίας,2024-01-02 11:41:00,Πελάτης
131,Έλεγχος Πληρωμής,2024-01-02 11:45:00,Σύστημα
131,Συλλογή Προϊόντων,2024-01-03 11:45:00,Αποθηκάριος
131,Συσκευασία,2024-01-03 12:04:00,Αποθηκάριος
131,Αποστολή,2024-01-03 13:04:00,Courier
132,Υποβολή Παραγγελίας,2024-01-02 11:23:00,Πελάτης
132,Έλεγχος Πληρωμής,2024-01-02 11:26:00,Σύστημα
132,Συλλογή Προϊόντων,2024-01-03 10:26:00,Αποθηκάριος
132,Συσκευασία,2024-01-03 10:56:00,Αποθηκάριος
132,Αποστολή,2024-01-03 12:56:00,Courier
133,Υποβολή Παραγγελίας,2024-01-02 11:53:00,Πελάτης
133,Έλεγχος Πληρωμής,2024-01-02 11:57:00,Σύστημα
133,Συλλογή Προϊόντων,2024-01-02 19:57:00,Αποθηκάριος
133,Συσκευασία,2024-01-02 20:07:00,Αποθηκάριος
133,Αποστολή,2024-01-02 23:07:00,Courier
134,Υποβολή Παραγγελίας,2024-01-02 12:08:00,Πελάτης
134,Έλεγχος Πληρωμής,2024-01-02 12:21:00,Σύστημα
134,Συλλογή Προϊόντων,2024-01-03 05:21:00,Αποθηκάριος
134,Συσκευασία,2024-01-03 05:47:00,Αποθηκάριος
134,Διόρθωση Συσκευασίας,2024-01-03 06:24:00,Επόπτης
134,Συσκευασία,2024-01-03 06:35:00,Αποθηκάριος
134,Αποστολή,2024-01-03 08:35:00,Courier
135,Υποβολή Παραγγελίας,2024-01-02 11:36:00,Πελάτης
135,Έλεγχος Πληρωμής,2024-01-02 11:40:00,Σύστημα
135,Συλλογή Προϊόντων,2024-01-03 05:40:00,Αποθηκάριος
135,Συσκευασία,2024-01-03 05:50:00,Αποθηκάριος
135,Αποστολή,2024-01-03 06:50:00,Courier
136,Υποβολή Παραγγελίας,2024-01-02 12:06:00,Πελάτης
136,Έλεγχος Πληρωμής,2024-01-02 12:11:00,Σύστημα
136,Συλλογή Προϊόντων,2024-01-03 09:11:00,Αποθηκάριος
136,Συσκευασία,2024-01-03 09:36:00,Αποθηκάριος
136,Αποστολή,2024-01-03 10:36:00,Courier
137,Υποβολή Παραγγελίας,2024-01-02 12:35:00,Πελάτης
137,Έλεγχος Πληρωμής,2024-01-02 12:47:00,Σύστημα
137,Συλλογή Προϊόντων,2024-01-03 11:47:00,Αποθηκάριος
137,Συσκευασία,2024-01-03 12:00:00,Αποθηκάριος
137,Διόρθωση Συσκευασίας,2024-01-03 12:31:00,Επόπτης
137,Συσκευασία,2024-01-03 12:43:00,Αποθηκάριος
137,Αποστολή,2024-01-03 13:43:00,Courier
138,Υποβολή Παραγγελίας,2024-01-02 12:49:00,Πελάτης
138,Έλεγχος Πληρωμής,2024-01-02 12:51:00,Σύστημα
138,Συλλογή Προϊόντων,2024-01-03 05:51:00,Αποθηκάριος
138,Συσκευασία,2024-01-03 06:16:00,Αποθηκάριος
138,Αποστολή,2024-01-03 08:16:00,Courier
139,Υποβολή Παραγγελίας,2024-01-02 12:56:00,Πελάτης
139,Έλεγχος Πληρωμής,2024-01-02 13:01:00,Σύστημα
139,Συλλογή Προϊόντων,2024-01-03 04:01:00,Αποθηκάριος
139,Συσκευασία,2024-01-03 04:24:00,Αποθηκάριος
139,Αποστολή,2024-01-03 08:24:00,Courier
140,Υποβολή Παραγγελίας,2024-01-02 13:18:00,Πελάτης
140,Έλεγχος Πληρωμής,2024-01-02 13:25:00,Σύστημα
140,Συλλογή Προϊόντων,2024-01-03 04:25:00,Αποθηκάριος
140,Συσκευασία,2024-01-03 04:35:00,Αποθηκάριος
140,Αποστολή,2024-01-03 08:35:00,Courier
141,Υποβολή Παραγγελίας,2024-01-02 13:05:00,Πελάτης
141,Έλεγχος Πληρωμής,2024-01-02 13:10:00,Σύστημα
141,Συλλογή Προϊόντων,2024-01-02 16:10:00,Αποθηκάριος
141,Συσκευασία,2024-01-02 16:37:00,Αποθηκάριος
141,Αποστολή,2024-01-02 18:37:00,Courier
142,Υποβολή Παραγγελίας,2024-01-02 13:42:00,Πελάτης
142,Έλεγχος Πληρωμής,2024-01-02 13:47:00,Σύστημα
142,Συλλογή Προϊόντων,2024-01-02 20:47:00,Αποθηκάριος
142,Συσκευασία,2024-01-02 21:03:00,Αποθηκάριος
142,Αποστολή,2024-01-02 23:03:00,Courier
143,Υποβολή Παραγγελίας,2024-01-02 14:32:00,Πελάτης
143,Έλεγχος Πληρωμής,2024-01-02 14:47:00,Σύστημα
143,Συλλογή Προϊόντων,2024-01-02 21:47:00,Αποθηκάριος
143,Συσκευασία,2024-01-02 22:03:00,Αποθηκάριος
143,Αποστολή,2024-01-03 03:03:00,Courier
144,Υποβολή Παραγγελίας,2024-01-02 14:46:00,Πελάτης
144,Έλεγχος Πληρωμής,2024-01-02 14:58:00,Σύστημα
144,Συλλογή Προϊόντων,2024-01-02 18:58:00,Αποθηκάριος
144,Συσκευασία,2024-01-02 19:09:00,Αποθηκάριος
144,Διόρθωση Συσκευασίας,2024-01-02 19:53:00,Επόπτης
144,Συσκευασία,2024-01-02 19:58:00,Αποθηκάριος
144,Αποστολή,2024-01-02 22:58:00,Courier
145,Υποβολή Παραγγελίας,2024-01-02 14:42:00,Πελάτης
145,Έλεγχος Πληρωμής,2024-01-02 14:48:00,Σύστημα
145,Συλλογή Προϊόντων,2024-01-03 00:48:00,Αποθηκάριος
145,Συσκευασία,2024-01-03 01:14:00,Αποθηκάριος
145,Αποστολή,2024-01-03 06:14:00,Courier
146,Υποβολή Παραγγελίας,2024-01-02 14:14:00,Πελάτης
146,Έλεγχος Πληρωμής,2024-01-02 14:26:00,Σύστημα
146,Συλλογή Προϊόντων,2024-01-03 14:26:00,Αποθηκάριος
146,Συσκευασία,2024-01-03 14:49:00,Αποθηκάριος
146,Διόρθωση Συσκευασίας,2024-01-03 15:29:00,Επόπτης
146,Συσκευασία,2024-01-03 15:40:00,Αποθηκάριος
146,Αποστολή,2024-01-03 17:40:00,Courier
147,Υποβολή Παραγγελίας,2024-01-02 14:29:00,Πελάτης
147,Έλεγχος Πληρωμής,2024-01-02 14:30:00,Σύστημα
147,Συλλογή Προϊόντων,2024-01-03 05:30:00,Αποθηκάριος
147,Συσκευασία,2024-01-03 05:58:00,Αποθηκάριος
147,Αποστολή,2024-01-03 06:58:00,Courier
148,Υποβολή Παραγγελίας,2024-01-02 15:20:00,Πελάτης
148,Έλεγχος Πληρωμής,2024-01-02 15:27:00,Σύστημα
148,Συλλογή Προϊόντων,2024-01-03 05:27:00,Αποθηκάριος
148,Συσκευασία,2024-01-03 05:40:00,Αποθηκάριος
148,Αποστολή,2024-01-03 10:40:00,Courier
149,Υποβολή Παραγγελίας,2024-01-02 15:07:00,Πελάτης
149,Έλεγχος Πληρωμής,2024-01-02 15:22:00,Σύστημα
149,Συλλογή Προϊόντων,2024-01-03 09:22:00,Αποθηκάριος
149,Συσκευασία,2024-01-03 09:44:00,Αποθηκάριος
149,Αποστολή,2024-01-03 10:44:00,Courier
150,Υποβολή Παραγγελίας,2024-01-02 15:18:00,Πελάτης
150,Έλεγχος Πληρωμής,2024-01-02 15:19:00,Σύστημα
150,Συλλογή Προϊόντων,2024-01-02 18:19:00,Αποθηκάριος
150,Συσκευασία,2024-01-02 18:38:00,Αποθηκάριος
150,Αποστολή,2024-01-02 19:38:00,Courier
151,Υποβολή Παραγγελίας,2024-01-02 15:36:00,Πελάτης
151,Έλεγχος Πληρωμής,2024-01-02 15:39:00,Σύστημα
151,Συλλογή Προϊόντων,2024-01-03 05:39:00,Αποθηκάριος
151,Συσκευασία,2024-01-03 06:03:00,Αποθηκάριος
151,Διόρθωση Συσκευασίας,2024-01-03 06:52:00,Επόπτης
151,Συσκευασία,2024-01-03 07:07:00,Αποθηκάριος
151,Αποστολή,2024-01-03 10:07:00,Courier
152,Υποβολή Παραγγελίας,2024-01-02 15:36:00,Πελάτης
152,Έλεγχος Πληρωμής,2024-01-02 15:48:00,Σύστημα
152,Συλλογή Προϊόντων,2024-01-02 21:48:00,Αποθηκάριος
152,Συσκευασία,2024-01-02 22:14:00,Αποθηκάριος
152,Αποστολή,2024-01-03 00:14:00,Courier
153,Υποβολή Παραγγελίας,2024-01-02 16:31:00,Πελάτης
153,Έλεγχος Πληρωμής,2024-01-02 16:37:00,Σύστημα
153,Συλλογή Προϊόντων,2024-01-03 12:37:00,Αποθηκάριος
153,Συσκευασία,2024-01-03 12:48:00,Αποθηκάριος
153,Αποστολή,2024-01-03 13:48:00,Courier
154,Υποβολή Παραγγελίας,2024-01-02 16:43:00,Πελάτης
154,Έλεγχος Πληρωμής,2024-01-02 16:47:00,Σύστημα
154,Συλλογή Προϊόντων,2024-01-03 05:47:00,Αποθηκάριος
154,Συσκευασία,2024-01-03 05:58:00,Αποθηκάριος
154,Αποστολή,2024-01-03 06:58:00,Courier
155,Υποβολή Παραγγελίας,2024-01-02 16:54:00,Πελάτης
155,Έλεγχος Πληρωμής,2024-01-02 16:55:00,Σύστημα
155,Συλλογή Προϊόντων,2024-01-03 09:55:00,Αποθηκάριος
155,Συσκευασία,2024-01-03 10:07:00,Αποθηκάριος
155,Αποστολή,2024-01-03 15:07:00,Courier
156,Υποβολή Παραγγελίας,2024-01-02 16:20:00,Πελάτης
156,Έλεγχος Πληρωμής,2024-01-02 16:30:00,Σύστημα
156,Συλλογή Προϊόντων,2024-01-03 02:30:00,Αποθηκάριος
156,Συσκευασία,2024-01-03 02:44:00,Αποθηκάριος
156,Αποστολή,2024-01-03 04:44:00,Courier
157,Υποβολή Παραγγελίας,2024-01-02 17:10:00,Πελάτης
157,Έλεγχος Πληρωμής,2024-01-02 17:15:00,Σύστημα
157,Συλλογή Προϊόντων,2024-01-03 08:15:00,Αποθηκάριος
157,Συσκευασία,2024-01-03 08:39:00,Αποθηκάριος
157,Αποστολή,2024-01-03 10:39:00,Courier
158,Υποβολή Παραγγελίας,2024-01-02 17:15:00,Πελάτης
158,Έλεγχος Πληρωμής,2024-01-02 17:18:00,Σύστημα
158,Συλλογή Προϊόντων,2024-01-03 09:18:00,Αποθηκάριος
158,Συσκευασία,2024-01-03 09:37:00,Αποθηκάριος
158,Αποστολή,2024-01-03 14:37:00,Courier
159,Υποβολή Παραγγελίας,2024-01-02 17:18:00,Πελάτης
159,Έλεγχος Πληρωμής,2024-01-02 17:23:00,Σύστημα
159,Συλλογή Προϊόντων,2024-01-03 05:23:00,Αποθηκάριος
159,Συσκευασία,2024-01-03 05:34:00,Αποθηκάριος
159,Αποστολή,2024-01-03 08:34:00,Courier
160,Υποβολή Παραγγελίας,2024-01-02 17:26:00,Πελάτης
160,Έλεγχος Πληρωμής,2024-01-02 17:27:00,Σύστημα
160,Συλλογή Προϊόντων,2024-01-03 01:27:00,Αποθηκάριος
160,Συσκευασία,2024-01-03 01:54:00,Αποθηκάριος
160,Αποστολή,2024-01-03 05:54:00,Courier
161,Υποβολή Παραγγελίας,2024-01-02 18:20:00,Πελάτης
161,Έλεγχος Πληρωμής,2024-01-02 18:23:00,Σύστημα
161,Συλλογή Προϊόντων,2024-01-03 13:23:00,Αποθηκάριος
161,Συσκευασία,2024-01-03 13:51:00,Αποθηκάριος
161,Αποστολή,2024-01-03 18:51:00,Courier
162,Υποβολή Παραγγελίας,2024-01-02 18:07:00,Πελάτης
162,Έλεγχος Πληρωμής,2024-01-02 18:19:00,Σύστημα
162,Συλλογή Προϊόντων,2024-01-03 11:19:00,Αποθηκάριος
162,Συσκευασία,2024-01-03 11:43:00,Αποθηκάριος
162,Αποστολή,2024-01-03 16:43:00,Courier
163,Υποβολή Παραγγελίας,2024-01-02 18:08:00,Πελάτης
163,Έλεγχος Πληρωμής,2024-01-02 18:09:00,Σύστημα
163,Συλλογή Προϊόντων,2024-01-03 00:09:00,Αποθηκάριος
163,Συσκευασία,2024-01-03 00:35:00,Αποθηκάριος
163,Αποστολή,2024-01-03 02:35:00,Courier
164,Υποβολή Παραγγελίας,2024-01-02 18:48:00,Πελάτης
164,Έλεγχος Πληρωμής,2024-01-02 19:00:00,Σύστημα
164,Συλλογή Προϊόντων,2024-01-03 01:00:00,Αποθηκάριος
164,Συσκευασία,2024-01-03 01:15:00,Αποθηκάριος
164,Διόρθωση Συσκευασίας,2024-01-03 01:52:00,Επόπτης
164,Συσκευασία,2024-01-03 01:59:00,Αποθηκάριος
164,Αποστολή,2024-01-03 02:59:00,Courier
165,Υποβολή Παραγγελίας,2024-01-02 19:22:00,Πελάτης
165,Έλεγχος Πληρωμής,2024-01-02 19:23:00,Σύστημα
165,Συλλογή Προϊόντων,2024-01-02 21:23:00,Αποθηκάριος
165,Συσκευασία,2024-01-02 21:38:00,Αποθηκάριος
165,Αποστολή,2024-01-03 01:38:00,Courier
166,Υποβολή Παραγγελίας,2024-01-02 19:45:00,Πελάτης
166,Έλεγχος Πληρωμής,2024-01-02 19:53:00,Σύστημα
166,Συλλογή Προϊόντων,2024-01-03 13:53:00,Αποθηκάριος
166,Συσκευασία,2024-01-03 14:21:00,Αποθηκάριος
166,Αποστολή,2024-01-03 18:21:00,Courier
167,Υποβολή Παραγγελίας,2024-01-02 19:57:00,Πελάτης
167,Έλεγχος Πληρωμής,2024-01-02 20:02:00,Σύστημα
167,Συλλογή Προϊόντων,2024-01-03 19:02:00,Αποθηκάριος
167,Συσκευασία,2024-01-03 19:26:00,Αποθηκάριος
167,Αποστολή,2024-01-03 21:26:00,Courier
168,Υποβολή Παραγγελίας,2024-01-02 19:54:00,Πελάτης
168,Έλεγχος Πληρωμής,2024-01-02 20:02:00,Σύστημα
168,Συλλογή Προϊόντων,2024-01-03 05:02:00,Αποθηκάριος
168,Συσκευασία,2024-01-03 05:16:00,Αποθηκάριος
168,Διόρθωση Συσκευασίας,2024-01-03 05:58:00,Επόπτης
168,Συσκευασία,2024-01-03 06:04:00,Αποθηκάριος
168,Αποστολή,2024-01-03 11:04:00,Courier
169,Υποβολή Παραγγελίας,2024-01-02 20:02:00,Πελάτης
169,Έλεγχος Πληρωμής,2024-01-02 20:07:00,Σύστημα
169,Συλλογή Προϊόντων,2024-01-03 14:07:00,Αποθηκάριος
169,Συσκευασία,2024-01-03 14:30:00,Αποθηκάριος
169,Αποστολή,2024-01-03 16:30:00,Courier
170,Υποβολή Παραγγελίας,2024-01-02 20:26:00,Πελάτης
170,Έλεγχος Πληρωμής,2024-01-02 20:35:00,Σύστημα
170,Συλλογή Προϊόντων,2024-01-03 18:35:00,Αποθηκάριος
170,Συσκευασία,2024-01-03 18:58:00,Αποθηκάριος
170,Αποστολή,2024-01-03 23:58:00,Courier
171,Υποβολή Παραγγελίας,2024-01-02 20:37:00,Πελάτης
171,Έλεγχος Πληρωμής,2024-01-02 20:49:00,Σύστημα
171,Συλλογή Προϊόντων,2024-01-02 23:49:00,Αποθηκάριος
171,Συσκευασία,2024-01-02 23:59:00,Αποθηκάριος
171,Αποστολή,2024-01-03 00:59:00,Courier
172,Υποβολή Παραγγελίας,2024-01-02 20:56:00,Πελάτης
172,Έλεγχος Πληρωμής,2024-01-02 21:03:00,Σύστημα
172,Ακύρωση Παραγγελίας,2024-01-02 22:00:00,Σύστημα
173,Υποβολή Παραγγελίας,2024-01-02 21:32:00,Πελάτης
173,Έλεγχος Πληρωμής,2024-01-02 21:45:00,Σύστημα
173,Συλλογή Προϊόντων,2024-01-03 11:45:00,Αποθηκάριος
173,Συσκευασία,2024-01-03 12:02:00,Αποθηκάριος
173,Αποστολή,2024-01-03 17:02:00,Courier
174,Υποβολή Παραγγελίας,2024-01-02 20:54:00,Πελάτης
174,Έλεγχος Πληρωμής,2024-01-02 21:04:00,Σύστημα
174,Συλλογή Προϊόντων,2024-01-03 10:04:00,Αποθηκάριος
174,Συσκευασία,2024-01-03 10:31:00,Αποθηκάριος
174,Αποστολή,2024-01-03 15:31:00,Courier
175,Υποβολή Παραγγελίας,2024-01-02 21:08:00,Πελάτης
175,Έλεγχος Πληρωμής,2024-01-02 21:14:00,Σύστημα
175,Συλλογή Προϊόντων,2024-01-03 10:14:00,Αποθηκάριος
175,Συσκευασία,2024-01-03 10:39:00,Αποθηκάριος
175,Αποστολή,2024-01-03 14:39:00,Courier
176,Υποβολή Παραγγελίας,2024-01-02 21:37:00,Πελάτης
176,Έλεγχος Πληρωμής,2024-01-02 21:47:00,Σύστημα
176,Συλλογή Προϊόντων,2024-01-03 17:47:00,Αποθηκάριος
176,Συσκευασία,2024-01-03 18:10:00,Αποθηκάριος
176,Αποστολή,2024-01-03 22:10:00,Courier
177,Υποβολή Παραγγελίας,2024-01-02 21:57:00,Πελάτης
177,Έλεγχος Πληρωμής,2024-01-02 22:03:00,Σύστημα
177,Συλλογή Προϊόντων,2024-01-03 09:03:00,Αποθηκάριος
177,Συσκευασία,2024-01-03 09:25:00,Αποθηκάριος
177,Αποστολή,2024-01-03 12:25:00,Courier
178,Υποβολή Παραγγελίας,2024-01-02 22:40:00,Πελάτης
178,Έλεγχος Πληρωμής,2024-01-02 22:48:00,Σύστημα
178,Συλλογή Προϊόντων,2024-01-03 06:48:00,Αποθηκάριος
178,Συσκευασία,2024-01-03 07:18:00,Αποθηκάριος
178,Αποστολή,2024-01-03 12:18:00,Courier
179,Υποβολή Παραγγελίας,2024-01-02 22:40:00,Πελάτης
179,Έλεγχος Πληρωμής,2024-01-02 22:46:00,Σύστημα
179,Συλλογή Προϊόντων,2024-01-03 13:46:00,Αποθηκάριος
179,Συσκευασία,2024-01-03 14:01:00,Αποθηκάριος
179,Αποστολή,2024-01-03 16:01:00,Courier
180,Υποβολή Παραγγελίας,2024-01-02 23:01:00,Πελάτης
180,Έλεγχος Πληρωμής,2024-01-02 23:16:00,Σύστημα
180,Ακύρωση Παραγγελίας,2024-01-02 23:46:00,Σύστημα
181,Υποβολή Παραγγελίας,2024-01-02 22:58:00,Πελάτης
181,Έλεγχος Πληρωμής,2024-01-02 23:12:00,Σύστημα
181,Συλλογή Προϊόντων,2024-01-03 08:12:00,Αποθηκάριος
181,Συσκευασία,2024-01-03 08:25:00,Αποθηκάριος
181,Αποστολή,2024-01-03 12:25:00,Courier
182,Υποβολή Παραγγελίας,2024-01-02 23:09:00,Πελάτης
182,Έλεγχος Πληρωμής,2024-01-02 23:15:00,Σύστημα
182,Συλλογή Προϊόντων,2024-01-03 12:15:00,Αποθηκάριος
182,Συσκευασία,2024-01-03 12:26:00,Αποθηκάριος
182,Αποστολή,2024-01-03 17:26:00,Courier
183,Υποβολή Παραγγελίας,2024-01-02 23:29:00,Πελάτης
183,Έλεγχος Πληρωμής,2024-01-02 23:35:00,Σύστημα
183,Συλλογή Προϊόντων,2024-01-03 14:35:00,Αποθηκάριος
183,Συσκευασία,2024-01-03 14:58:00,Αποθηκάριος
183,Αποστολή,2024-01-03 19:58:00,Courier
184,Υποβολή Παραγγελίας,2024-01-02 22:57:00,Πελάτης
184,Έλεγχος Πληρωμής,2024-01-02 23:08:00,Σύστημα
184,Συλλογή Προϊόντων,2024-01-03 01:08:00,Αποθηκάριος
184,Συσκευασία,2024-01-03 01:26:00,Αποθηκάριος
184,Αποστολή,2024-01-03 06:26:00,Courier
185,Υποβολή Παραγγελίας,2024-01-02 23:23:00,Πελάτης
185,Έλεγχος Πληρωμής,2024-01-02 23:32:00,Σύστημα
185,Συλλογή Προϊόντων,2024-01-03 05:32:00,Αποθηκάριος
185,Συσκευασία,2024-01-03 05:59:00,Αποθηκάριος
185,Αποστολή,2024-01-03 06:59:00,Courier
186,Υποβολή Παραγγελίας,2024-01-03 00:22:00,Πελάτης
186,Έλεγχος Πληρωμής,2024-01-03 00:35:00,Σύστημα
186,Συλλογή Προϊόντων,2024-01-03 11:35:00,Αποθηκάριος
186,Συσκευασία,2024-01-03 11:52:00,Αποθηκάριος
186,Αποστολή,2024-01-03 14:52:00,Courier
187,Υποβολή Παραγγελίας,2024-01-02 23:39:00,Πελάτης
187,Έλεγχος Πληρωμής,2024-01-02 23:41:00,Σύστημα
187,Ακύρωση Παραγγελίας,2024-01-03 00:12:00,Σύστημα
188,Υποβολή Παραγγελίας,2024-01-03 00:20:00,Πελάτης
188,Έλεγχος Πληρωμής,2024-01-03 00:23:00,Σύστημα
188,Ακύρωση Παραγγελίας,2024-01-03 00:38:00,Σύστημα
189,Υποβολή Παραγγελίας,2024-01-03 00:15:00,Πελάτης
189,Έλεγχος Πληρωμής,2024-01-03 00:19:00,Σύστημα
189,Ακύρωση Παραγγελίας,2024-01-03 00:56:00,Σύστημα
190,Υποβολή Παραγγελίας,2024-01-03 00:16:00,Πελάτης
190,Έλεγχος Πληρωμής,2024-01-03 00:26:00,Σύστημα
190,Συλλογή Προϊόντων,2024-01-03 20:26:00,Αποθηκάριος
190,Συσκευασία,2024-01-03 20:54:00,Αποθηκάριος
190,Αποστολή,2024-01-03 22:54:00,Courier
191,Υποβολή Παραγγελίας,2024-01-03 00:38:00,Πελάτης
191,Έλεγχος Πληρωμής,2024-01-03 00:53:00,Σύστημα
191,Συλλογή Προϊόντων,2024-01-03 07:53:00,Αποθηκάριος
191,Συσκευασία,2024-01-03 08:17:00,Αποθηκάριος
191,Αποστολή,2024-01-03 13:17:00,Courier
192,Υποβολή Παραγγελίας,2024-01-03 00:30:00,Πελάτης
192,Έλεγχος Πληρωμής,2024-01-03 00:45:00,Σύστημα
192,Συλλογή Προϊόντων,2024-01-03 05:45:00,Αποθηκάριος
192,Συσκευασία,2024-01-03 06:02:00,Αποθηκάριος
192,Αποστολή,2024-01-03 11:02:00,Courier
193,Υποβολή Παραγγελίας,2024-01-03 01:05:00,Πελάτης
193,Έλεγχος Πληρωμής,2024-01-03 01:10:00,Σύστημα
193,Συλλογή Προϊόντων,2024-01-03 13:10:00,Αποθηκάριος
193,Συσκευασία,2024-01-03 13:27:00,Αποθηκάριος
193,Αποστολή,2024-01-03 17:27:00,Courier
194,Υποβολή Παραγγελίας,2024-01-03 01:30:00,Πελάτης
194,Έλεγχος Πληρωμής,2024-01-03 01:35:00,Σύστημα
194,Ακύρωση Παραγγελίας,2024-01-03 02:32:00,Σύστημα
195,Υποβολή Παραγγελίας,2024-01-03 01:17:00,Πελάτης
195,Έλεγχος Πληρωμής,2024-01-03 01:30:00,Σύστημα
195,Συλλογή Προϊόντων,2024-01-03 06:30:00,Αποθηκάριος
195,Συσκευασία,2024-01-03 06:44:00,Αποθηκάριος
195,Διόρθωση Συσκευασίας,2024-01-03 07:01:00,Επόπτης
195,Συσκευασία,2024-01-03 07:16:00,Αποθηκάριος
195,Αποστολή,2024-01-03 09:16:00,Courier
196,Υποβολή Παραγγελίας,2024-01-03 01:41:00,Πελάτης
196,Έλεγχος Πληρωμής,2024-01-03 01:54:00,Σύστημα
196,Συλλογή Προϊόντων,2024-01-03 23:54:00,Αποθηκάριος
196,Συσκευασία,2024-01-04 00:15:00,Αποθηκάριος
196,Διόρθωση Συσκευασίας,2024-01-04 01:15:00,Επόπτης
196,Συσκευασία,2024-01-04 01:23:00,Αποθηκάριος
196,Αποστολή,2024-01-04 03:23:00,Courier
197,Υποβολή Παραγγελίας,2024-01-03 02:31:00,Πελάτης
197,Έλεγχος Πληρωμής,2024-01-03 02:34:00,Σύστημα
197,Συλλογή Προϊόντων,2024-01-04 01:34:00,Αποθηκάριος
197,Συσκευασία,2024-01-04 01:56:00,Αποθηκάριος
197,Αποστολή,2024-01-04 02:56:00,Courier
198,Υποβολή Παραγγελίας,2024-01-03 02:18:00,Πελάτης
198,Έλεγχος Πληρωμής,2024-01-03 02:20:00,Σύστημα
198,Συλλογή Προϊόντων,2024-01-03 15:20:00,Αποθηκάριος
198,Συσκευασία,2024-01-03 15:32:00,Αποθηκάριος
198,Αποστολή,2024-01-03 18:32:00,Courier
199,Υποβολή Παραγγελίας,2024-01-03 02:48:00,Πελάτης
199,Έλεγχος Πληρωμής,2024-01-03 02:57:00,Σύστημα
199,Συλλογή Προϊόντων,2024-01-03 06:57:00,Αποθηκάριος
199,Συσκευασία,2024-01-03 07:15:00,Αποθηκάριος
199,Αποστολή,2024-01-03 12:15:00,Courier
200,Υποβολή Παραγγελίας,2024-01-03 02:08:00,Πελάτης
200,Έλεγχος Πληρωμής,2024-01-03 02:20:00,Σύστημα
200,Συλλογή Προϊόντων,2024-01-03 16:20:00,Αποθηκάριος
200,Συσκευασία,2024-01-03 16:34:00,Αποθηκάριος
200,Αποστολή,2024-01-03 19:34:00,Courier
201,Υποβολή Παραγγελίας,2024-01-03 02:56:00,Πελάτης
201,Έλεγχος Πληρωμής,2024-01-03 03:10:00,Σύστημα
201,Συλλογή Προϊόντων,2024-01-03 23:10:00,Αποθηκάριος
201,Συσκευασία,2024-01-03 23:36:00,Αποθηκάριος
201,Αποστολή,2024-01-04 03:36:00,Courier
202,Υποβολή Παραγγελίας,2024-01-03 03:06:00,Πελάτης
202,Έλεγχος Πληρωμής,2024-01-03 03:12:00,Σύστημα
202,Συλλογή Προϊόντων,2024-01-04 01:12:00,Αποθηκάριος
202,Συσκευασία,2024-01-04 01:36:00,Αποθηκάριος
202,Αποστολή,2024-01-04 02:36:00,Courier
203,Υποβολή Παραγγελίας,2024-01-03 03:17:00,Πελάτης
203,Έλεγχος Πληρωμής,2024-01-03 03:24:00,Σύστημα
203,Συλλογή Προϊόντων,2024-01-03 16:24:00,Αποθηκάριος
203,Συσκευασία,2024-01-03 16:47:00,Αποθηκάριος
203,Αποστολή,2024-01-03 20:47:00,Courier
204,Υποβολή Παραγγελίας,2024-01-03 03:02:00,Πελάτης
204,Έλεγχος Πληρωμής,2024-01-03 03:14:00,Σύστημα
204,Συλλογή Προϊόντων,2024-01-03 21:14:00,Αποθηκάριος
204,Συσκευασία,2024-01-03 21:33:00,Αποθηκάριος
204,Αποστολή,2024-01-04 01:33:00,Courier
205,Υποβολή Παραγγελίας,2024-01-03 03:21:00,Πελάτης
205,Έλεγχος Πληρωμής,2024-01-03 03:26:00,Σύστημα
205,Συλλογή Προϊόντων,2024-01-04 02:26:00,Αποθηκάριος
205,Συσκευασία,2024-01-04 02:54:00,Αποθηκάριος
205,Αποστολή,2024-01-04 04:54:00,Courier
206,Υποβολή Παραγγελίας,2024-01-03 03:24:00,Πελάτης
206,Έλεγχος Πληρωμής,2024-01-03 03:39:00,Σύστημα
206,Συλλογή Προϊόντων,2024-01-03 18:39:00,Αποθηκάριος
206,Συσκευασία,2024-01-03 18:49:00,Αποθηκάριος
206,Αποστολή,2024-01-03 21:49:00,Courier
207,Υποβολή Παραγγελίας,2024-01-03 04:14:00,Πελάτης
207,Έλεγχος Πληρωμής,2024-01-03 04:29:00,Σύστημα
207,Συλλογή Προϊόντων,2024-01-03 16:29:00,Αποθηκάριος
207,Συσκευασία,2024-01-03 16:42:00,Αποθηκάριος
207,Αποστολή,2024-01-03 19:42:00,Courier
208,Υποβολή Παραγγελίας,2024-01-03 04:02:00,Πελάτης
208,Έλεγχος Πληρωμής,2024-01-03 04:07:00,Σύστημα
208,Συλλογή Προϊόντων,2024-01-03 18:07:00,Αποθηκάριος
208,Συσκευασία,2024-01-03 18:24:00,Αποθηκάριος
208,Αποστολή,2024-01-03 21:24:00,Courier
209,Υποβολή Παραγγελίας,2024-01-03 03:50:00,Πελάτης
209,Έλεγχος Πληρωμής,2024-01-03 03:53:00,Σύστημα
209,Συλλογή Προϊόντων,2024-01-03 05:53:00,Αποθηκάριος
209,Συσκευασία,2024-01-03 06:13:00,Αποθηκάριος
209,Αποστολή,2024-01-03 07:13:00,Courier
210,Υποβολή Παραγγελίας,2024-01-03 04:43:00,Πελάτης
210,Έλεγχος Πληρωμής,2024-01-03 04:58:00,Σύστημα
210,Συλλογή Προϊόντων,2024-01-03 14:58:00,Αποθηκάριος
210,Συσκευασία,2024-01-03 15:15:00,Αποθηκάριος
210,Αποστολή,2024-01-03 17:15:00,Courier
211,Υποβολή Παραγγελίας,2024-01-03 04:51:00,Πελάτης
211,Έλεγχος Πληρωμής,2024-01-03 05:02:00,Σύστημα
211,Συλλογή Προϊόντων,2024-01-03 14:02:00,Αποθηκάριος
211,Συσκευασία,2024-01-03 14:16:00,Αποθηκάριος
211,Αποστολή,2024-01-03 16:16:00,Courier
212,Υποβολή Παραγγελίας,2024-01-03 05:13:00,Πελάτης
212,Έλεγχος Πληρωμής,2024-01-03 05:15:00,Σύστημα
212,Συλλογή Προϊόντων,2024-01-03 16:15:00,Αποθηκάριος
212,Συσκευασία,2024-01-03 16:40:00,Αποθηκάριος
212,Διόρθωση Συσκευασίας,2024-01-03 17:29:00,Επόπτης
212,Συσκευασία,2024-01-03 17:43:00,Αποθηκάριος
212,Αποστολή,2024-01-03 22:43:00,Courier
213,Υποβολή Παραγγελίας,2024-01-03 04:57:00,Πελάτης
213,Έλεγχος Πληρωμής,2024-01-03 04:58:00,Σύστημα
213,Συλλογή Προϊόντων,2024-01-04 01:58:00,Αποθηκάριος
213,Συσκευασία,2024-01-04 02:11:00,Αποθηκάριος
213,Διόρθωση Συσκευασίας,2024-01-04 02:54:00,Επόπτης
213,Συσκευασία,2024-01-04 03:05:00,Αποθηκάριος
213,Αποστολή,2024-01-04 06:05:00,Courier
214,Υποβολή Παραγγελίας,2024-01-03 05:40:00,Πελάτης
214,Έλεγχος Πληρωμής,2024-01-03 05:53:00,Σύστημα
214,Ακύρωση Παραγγελίας,2024-01-03 06:18:00,Σύστημα
215,Υποβολή Παραγγελίας,2024-01-03 04:57:00,Πελάτης
215,Έλεγχος Πληρωμής,2024-01-03 05:05:00,Σύστημα
215,Συλλογή Προϊόντων,2024-01-04 04:05:00,Αποθηκάριος
215,Συσκευασία,2024-01-04 04:26:00,Αποθηκάριος
215,Αποστολή,2024-01-04 09:26:00,Courier
216,Υποβολή Παραγγελίας,2024-01-03 05:14:00,Πελάτης
216,Έλεγχος Πληρωμής,2024-01-03 05:18:00,Σύστημα
216,Συλλογή Προϊόντων,2024-01-03 16:18:00,Αποθηκάριος
216,Συσκευασία,2024-01-03 16:32:00,Αποθηκάριος
216,Αποστολή,2024-01-03 18:32:00,Courier
217,Υποβολή Παραγγελίας,2024-01-03 05:37:00,Πελάτης
217,Έλεγχος Πληρωμής,2024-01-03 05:41:00,Σύστημα
217,Συλλογή Προϊόντων,2024-01-03 17:41:00,Αποθηκάριος
217,Συσκευασία,2024-01-03 18:10:00,Αποθηκάριος
217,Αποστολή,2024-01-03 22:10:00,Courier
218,Υποβολή Παραγγελίας,2024-01-03 05:34:00,Πελάτης
218,Έλεγχος Πληρωμής,2024-01-03 05:38:00,Σύστημα
218,Συλλογή Προϊόντων,2024-01-03 17:38:00,Αποθηκάριος
218,Συσκευασία,2024-01-03 18:02:00,Αποθηκάριος
218,Αποστολή,2024-01-03 23:02:00,Courier
219,Υποβολή Παραγγελίας,2024-01-03 06:02:00,Πελάτης
219,Έλεγχος Πληρωμής,2024-01-03 06:07:00,Σύστημα
219,Συλλογή Προϊόντων,2024-01-04 00:07:00,Αποθηκάριος
219,Συσκευασία,2024-01-04 00:29:00,Αποθηκάριος
219,Αποστολή,2024-01-04 01:29:00,Courier
220,Υποβολή Παραγγελίας,2024-01-03 06:42:00,Πελάτης
220,Έλεγχος Πληρωμής,2024-01-03 06:56:00,Σύστημα
220,Ακύρωση Παραγγελίας,2024-01-03 07:19:00,Σύστημα
221,Υποβολή Παραγγελίας,2024-01-03 06:36:00,Πελάτης
221,Έλεγχος Πληρωμής,2024-01-03 06:49:00,Σύστημα
221,Συλλογή Προϊόντων,2024-01-03 14:49:00,Αποθηκάριος
221,Συσκευασία,2024-01-03 15:05:00,Αποθηκάριος
221,Διόρθωση Συσκευασίας,2024-01-03 15:30:00,Επόπτης
221,Συσκευασία,2024-01-03 15:39:00,Αποθηκάριος
221,Αποστολή,2024-01-03 18:39:00,Courier
222,Υποβολή Παραγγελίας,2024-01-03 07:00:00,Πελάτης
222,Έλεγχος Πληρωμής,2024-01-03 07:03:00,Σύστημα
222,Συλλογή Προϊόντων,2024-01-04 07:03:00,Αποθηκάριος
222,Συσκευασία,2024-01-04 07:16:00,Αποθηκάριος
222,Αποστολή,2024-01-04 11:16:00,Courier
223,Υποβολή Παραγγελίας,2024-01-03 07:17:00,Πελάτης
223,Έλεγχος Πληρωμής,2024-01-03 07:18:00,Σύστημα
223,Συλλογή Προϊόντων,2024-01-03 12:18:00,Αποθηκάριος
223,Συσκευασία,2024-01-03 12:34:00,Αποθηκάριος
223,Αποστολή,2024-01-03 16:34:00,Courier
224,Υποβολή Παραγγελίας,2024-01-03 07:12:00,Πελάτης
224,Έλεγχος Πληρωμής,2024-01-03 07:18:00,Σύστημα
224,Συλλογή Προϊόντων,2024-01-03 17:18:00,Αποθηκάριος
224,Συσκευασία,2024-01-03 17:35:00,Αποθηκάριος
224,Αποστολή,2024-01-03 21:35:00,Courier
225,Υποβολή Παραγγελίας,2024-01-03 07:18:00,Πελάτης
225,Έλεγχος Πληρωμής,2024-01-03 07:30:00,Σύστημα
225,Συλλογή Προϊόντων,2024-01-04 01:30:00,Αποθηκάριος
225,Συσκευασία,2024-01-04 01:46:00,Αποθηκάριος
225,Διόρθωση Συσκευασίας,2024-01-04 02:02:00,Επόπτης
225,Συσκευασία,2024-01-04 02:10:00,Αποθηκάριος
225,Αποστολή,2024-01-04 03:10:00,Courier
226,Υποβολή Παραγγελίας,2024-01-03 07:26:00,Πελάτης
226,Έλεγχος Πληρωμής,2024-01-03 07:37:00,Σύστημα
226,Συλλογή Προϊόντων,2024-01-03 21:37:00,Αποθηκάριος
226,Συσκευασία,2024-01-03 21:52:00,Αποθηκάριος
226,Αποστολή,2024-01-04 01:52:00,Courier
227,Υποβολή Παραγγελίας,2024-01-03 07:20:00,Πελάτης
227,Έλεγχος Πληρωμής,2024-01-03 07:34:00,Σύστημα
227,Συλλογή Προϊόντων,2024-01-04 04:34:00,Αποθηκάριος
227,Συσκευασία,2024-01-04 04:49:00,Αποθηκάριος
227,Αποστολή,2024-01-04 09:49:00,Courier
228,Υποβολή Παραγγελίας,2024-01-03 08:15:00,Πελάτης
228,Έλεγχος Πληρωμής,2024-01-03 08:19:00,Σύστημα
228,Συλλογή Προϊόντων,2024-01-04 03:19:00,Αποθηκάριος
228,Συσκευασία,2024-01-04 03:33:00,Αποθηκάριος
228,Αποστολή,2024-01-04 08:33:00,Courier
229,Υποβολή Παραγγελίας,2024-01-03 08:24:00,Πελάτης
229,Έλεγχος Πληρωμής,2024-01-03 08:33:00,Σύστημα
229,Συλλογή Προϊόντων,2024-01-03 21:33:00,Αποθηκάριος
229,Συσκευασία,2024-01-03 21:49:00,Αποθηκάριος
229,Αποστολή,2024-01-03 22:49:00,Courier
230,Υποβολή Παραγγελίας,2024-01-03 08:05:00,Πελάτης
230,Έλεγχος Πληρωμής,2024-01-03 08:18:00,Σύστημα
230,Συλλογή Προϊόντων,2024-01-04 01:18:00,Αποθηκάριος
230,Συσκευασία,2024-01-04 01:40:00,Αποθηκάριος
230,Αποστολή,2024-01-04 04:40:00,Courier
231,Υποβολή Παραγγελίας,2024-01-03 08:12:00,Πελάτης
231,Έλεγχος Πληρωμής,2024-01-03 08:17:00,Σύστημα
231,Συλλογή Προϊόντων,2024-01-03 21:17:00,Αποθηκάριος
231,Συσκευασία,2024-01-03 21:34:00,Αποθηκάριος
231,Αποστολή,2024-01-04 02:34:00,Courier
232,Υποβολή Παραγγελίας,2024-01-03 09:08:00,Πελάτης
232,Έλεγχος Πληρωμής,2024-01-03 09:14:00,Σύστημα
232,Συλλογή Προϊόντων,2024-01-04 06:14:00,Αποθηκάριος
232,Συσκευασία,2024-01-04 06:41:00,Αποθηκάριος
232,Αποστολή,2024-01-04 10:41:00,Courier
233,Υποβολή Παραγγελίας,2024-01-03 08:39:00,Πελάτης
233,Έλεγχος Πληρωμής,2024-01-03 08:51:00,Σύστημα
233,Συλλογή Προϊόντων,2024-01-03 15:51:00,Αποθηκάριος
233,Συσκευασία,2024-01-03 16:19:00,Αποθηκάριος
233,Αποστολή,2024-01-03 21:19:00,Courier
234,Υποβολή Παραγγελίας,2024-01-03 09:28:00,Πελάτης
234,Έλεγχος Πληρωμής,2024-01-03 09:36:00,Σύστημα
234,Συλλογή Προϊόντων,2024-01-03 16:36:00,Αποθηκάριος
234,Συσκευασία,2024-01-03 16:54:00,Αποθηκάριος
234,Αποστολή,2024-01-03 19:54:00,Courier
235,Υποβολή Παραγγελίας,2024-01-03 09:42:00,Πελάτης
235,Έλεγχος Πληρωμής,2024-01-03 09:48:00,Σύστημα
235,Συλλογή Προϊόντων,2024-01-03 12:48:00,Αποθηκάριος
235,Συσκευασία,2024-01-03 13:06:00,Αποθηκάριος
235,Αποστολή,2024-01-03 14:06:00,Courier
236,Υποβολή Παραγγελίας,2024-01-03 09:59:00,Πελάτης
236,Έλεγχος Πληρωμής,2024-01-03 10:03:00,Σύστημα
236,Συλλογή Προϊόντων,2024-01-04 03:03:00,Αποθηκάριος
236,Συσκευασία,2024-01-04 03:32:00,Αποθηκάριος
236,Αποστολή,2024-01-04 08:32:00,Courier
237,Υποβολή Παραγγελίας,2024-01-03 09:38:00,Πελάτης
237,Έλεγχος Πληρωμής,2024-01-03 09:49:00,Σύστημα
237,Συλλογή Προϊόντων,2024-01-03 23:49:00,Αποθηκάριος
237,Συσκευασία,2024-01-04 00:17:00,Αποθηκάριος
237,Αποστολή,2024-01-04 01:17:00,Courier
238,Υποβολή Παραγγελίας,2024-01-03 09:53:00,Πελάτης
238,Έλεγχος Πληρωμής,2024-01-03 10:07:00,Σύστημα
238,Συλλογή Προϊόντων,2024-01-04 04:07:00,Αποθηκάριος
238,Συσκευασία,2024-01-04 04:26:00,Αποθηκάριος
238,Αποστολή,2024-01-04 06:26:00,Courier
239,Υποβολή Παραγγελίας,2024-01-03 10:03:00,Πελάτης
239,Έλεγχος Πληρωμής,2024-01-03 10:16:00,Σύστημα
239,Συλλογή Προϊόντων,2024-01-03 12:16:00,Αποθηκάριος
239,Συσκευασία,2024-01-03 12:42:00,Αποθηκάριος
239,Αποστολή,2024-01-03 17:42:00,Courier
240,Υποβολή Παραγγελίας,2024-01-03 10:48:00,Πελάτης
240,Έλεγχος Πληρωμής,2024-01-03 10:56:00,Σύστημα
240,Συλλογή Προϊόντων,2024-01-04 00:56:00,Αποθηκάριος
240,Συσκευασία,2024-01-04 01:16:00,Αποθηκάριος
240,Αποστολή,2024-01-04 06:16:00,Courier
241,Υποβολή Παραγγελίας,2024-01-03 10:39:00,Πελάτης
241,Έλεγχος Πληρωμής,2024-01-03 10:42:00,Σύστημα
241,Συλλογή Προϊόντων,2024-01-03 16:42:00,Αποθηκάριος
241,Συσκευασία,2024-01-03 17:06:00,Αποθηκάριος
241,Αποστολή,2024-01-03 22:06:00,Courier
242,Υποβολή Παραγγελίας,2024-01-03 11:06:00,Πελάτης
242,Έλεγχος Πληρωμής,2024-01-03 11:21:00,Σύστημα
242,Συλλογή Προϊόντων,2024-01-04 03:21:00,Αποθηκάριος
242,Συσκευασία,2024-01-04 03:48:00,Αποθηκάριος
242,Αποστολή,2024-01-04 05:48:00,Courier
243,Υποβολή Παραγγελίας,2024-01-03 11:27:00,Πελάτης
243,Έλεγχος Πληρωμής,2024-01-03 11:33:00,Σύστημα
243,Συλλογή Προϊόντων,2024-01-04 10:33:00,Αποθηκάριος
243,Συσκευασία,2024-01-04 10:58:00,Αποθηκάριος
243,Διόρθωση Συσκευασίας,2024-01-04 11:46:00,Επόπτης
243,Συσκευασία,2024-01-04 11:57:00,Αποθηκάριος
243,Αποστολή,2024-01-04 15:57:00,Courier
244,Υποβολή Παραγγελίας,2024-01-03 11:32:00,Πελάτης
244,Έλεγχος Πληρωμής,2024-01-03 11:44:00,Σύστημα
244,Συλλογή Προϊόντων,2024-01-03 15:44:00,Αποθηκάριος
244,Συσκευασία,2024-01-03 16:13:00,Αποθηκάριος
244,Διόρθωση Συσκευασίας,2024-01-03 16:34:00,Επόπτης
244,Συσκευασία,2024-01-03 16:44:00,Αποθηκάριος
244,Αποστολή,2024-01-03 20:44:00,Courier
245,Υποβολή Παραγγελίας,2024-01-03 11:38:00,Πελάτης
245,Έλεγχος Πληρωμής,2024-01-03 11:47:00,Σύστημα
245,Συλλογή Προϊόντων,2024-01-03 18:47:00,Αποθηκάριος
245,Συσκευασία,2024-01-03 18:59:00,Αποθηκάριος
245,Αποστολή,2024-01-03 22:59:00,Courier
246,Υποβολή Παραγγελίας,2024-01-03 11:23:00,Πελάτης
246,Έλεγχος Πληρωμής,2024-01-03 11:38:00,Σύστημα
246,Συλλογή Προϊόντων,2024-01-03 22:38:00,Αποθηκάριος
246,Συσκευασία,2024-01-03 22:55:00,Αποθηκάριος
246,Αποστολή,2024-01-03 23:55:00,Courier
247,Υποβολή Παραγγελίας,2024-01-03 11:34:00,Πελάτης
247,Έλεγχος Πληρωμής,2024-01-03 11:41:00,Σύστημα
247,Συλλογή Προϊόντων,2024-01-03 14:41:00,Αποθηκάριος
247,Συσκευασία,2024-01-03 15:07:00,Αποθηκάριος
247,Αποστολή,2024-01-03 19:07:00,Courier
248,Υποβολή Παραγγελίας,2024-01-03 11:58:00,Πελάτης
248,Έλεγχος Πληρωμής,2024-01-03 12:04:00,Σύστημα
248,Συλλογή Προϊόντων,2024-01-03 14:04:00,Αποθηκάριος
248,Συσκευασία,2024-01-03 14:24:00,Αποθηκάριος
248,Αποστολή,2024-01-03 19:24:00,Courier
249,Υποβολή Παραγγελίας,2024-01-03 12:09:00,Πελάτης
249,Έλεγχος Πληρωμής,2024-01-03 12:12:00,Σύστημα
249,Συλλογή Προϊόντων,2024-01-03 22:12:00,Αποθηκάριος
249,Συσκευασία,2024-01-03 22:31:00,Αποθηκάριος
249,Αποστολή,2024-01-04 03:31:00,Courier
250,Υποβολή Παραγγελίας,2024-01-03 12:30:00,Πελάτης
250,Έλεγχος Πληρωμής,2024-01-03 12:37:00,Σύστημα
250,Συλλογή Προϊόντων,2024-01-03 17:37:00,Αποθηκάριος
250,Συσκευασία,2024-01-03 17:56:00,Αποθηκάριος
250,Αποστολή,2024-01-03 18:56:00,Courier
251,Υποβολή Παραγγελίας,2024-01-03 12:52:00,Πελάτης
251,Έλεγχος Πληρωμής,2024-01-03 12:56:00,Σύστημα
251,Συλλογή Προϊόντων,2024-01-04 06:56:00,Αποθηκάριος
251,Συσκευασία,2024-01-04 07:14:00,Αποθηκάριος
251,Αποστολή,2024-01-04 12:14:00,Courier
252,Υποβολή Παραγγελίας,2024-01-03 13:33:00,Πελάτης
252,Έλεγχος Πληρωμής,2024-01-03 13:44:00,Σύστημα
252,Συλλογή Προϊόντων,2024-01-03 15:44:00,Αποθηκάριος
252,Συσκευασία,2024-01-03 15:54:00,Αποθηκάριος
252,Διόρθωση Συσκευασίας,2024-01-03 16:14:00,Επόπτης
252,Συσκευασία,2024-01-03 16:21:00,Αποθηκάριος
252,Αποστολή,2024-01-03 18:21:00,Courier
253,Υποβολή Παραγγελίας,2024-01-03 12:54:00,Πελάτης
253,Έλεγχος Πληρωμής,2024-01-03 13:00:00,Σύστημα
253,Συλλογή Προϊόντων,2024-01-04 05:00:00,Αποθηκάριος
253,Συσκευασία,2024-01-04 05:10:00,Αποθηκάριος
253,Αποστολή,2024-01-04 07:10:00,Courier
254,Υποβολή Παραγγελίας,2024-01-03 13:21:00,Πελάτης
254,Έλεγχος Πληρωμής,2024-01-03 13:22:00,Σύστημα
254,Συλλογή Προϊόντων,2024-01-04 05:22:00,Αποθηκάριος
254,Συσκευασία,2024-01-04 05:47:00,Αποθηκάριος
254,Αποστολή,2024-01-04 08:47:00,Courier
255,Υποβολή Παραγγελίας,2024-01-03 13:34:00,Πελάτης
255,Έλεγχος Πληρωμής,2024-01-03 13:37:00,Σύστημα
255,Συλλογή Προϊόντων,2024-01-04 02:37:00,Αποθηκάριος
255,Συσκευασία,2024-01-04 03:07:00,Αποθηκάριος
255,Αποστολή,2024-01-04 06:07:00,Courier
256,Υποβολή Παραγγελίας,2024-01-03 13:05:00,Πελάτης
256,Έλεγχος Πληρωμής,2024-01-03 13:14:00,Σύστημα
256,Συλλογή Προϊόντων,2024-01-04 10:14:00,Αποθηκάριος
256,Συσκευασία,2024-01-04 10:40:00,Αποθηκάριος
256,Αποστολή,2024-01-04 13:40:00,Courier
257,Υποβολή Παραγγελίας,2024-01-03 13:15:00,Πελάτης
257,Έλεγχος Πληρωμής,2024-01-03 13:22:00,Σύστημα
257,Συλλογή Προϊόντων,2024-01-03 22:22:00,Αποθηκάριος
257,Συσκευασία,2024-01-03 22:38:00,Αποθηκάριος
257,Αποστολή,2024-01-04 00:38:00,Courier
258,Υποβολή Παραγγελίας,2024-01-03 14:24:00,Πελάτης
258,Έλεγχος Πληρωμής,2024-01-03 14:34:00,Σύστημα
258,Συλλογή Προϊόντων,2024-01-04 14:34:00,Αποθηκάριος
258,Συσκευασία,2024-01-04 14:49:00,Αποθηκάριος
258,Αποστολή,2024-01-04 17:49:00,Courier
259,Υποβολή Παραγγελίας,2024-01-03 14:08:00,Πελάτης
259,Έλεγχος Πληρωμής,2024-01-03 14:22:00,Σύστημα
259,Ακύρωση Παραγγελίας,2024-01-03 14:58:00,Σύστημα
260,Υποβολή Παραγγελίας,2024-01-03 14:39:00,Πελάτης
260,Έλεγχος Πληρωμής,2024-01-03 14:51:00,Σύστημα
260,Συλλογή Προϊόντων,2024-01-04 14:51:00,Αποθηκάριος
260,Συσκευασία,2024-01-04 15:14:00,Αποθηκάριος
260,Αποστολή,2024-01-04 17:14:00,Courier
261,Υποβολή Παραγγελίας,2024-01-03 15:22:00,Πελάτης
261,Έλεγχος Πληρωμής,2024-01-03 15:28:00,Σύστημα
261,Συλλογή Προϊόντων,2024-01-04 11:28:00,Αποθηκάριος
261,Συσκευασία,2024-01-04 11:41:00,Αποθηκάριος
261,Αποστολή,2024-01-04 15:41:00,Courier
262,Υποβολή Παραγγελίας,2024-01-03 14:48:00,Πελάτης
262,Έλεγχος Πληρωμής,2024-01-03 14:58:00,Σύστημα
262,Συλλογή Προϊόντων,2024-01-04 06:58:00,Αποθηκάριος
262,Συσκευασία,2024-01-04 07:20:00,Αποθηκάριος
262,Αποστολή,2024-01-04 08:20:00,Courier
263,Υποβολή Παραγγελίας,2024-01-03 14:53:00,Πελάτης
263,Έλεγχος Πληρωμής,2024-01-03 14:58:00,Σύστημα
263,Συλλογή Προϊόντων,2024-01-03 23:58:00,Αποθηκάριος
263,Συσκευασία,2024-01-04 00:27:00,Αποθηκάριος
263,Αποστολή,2024-01-04 03:27:00,Courier
264,Υποβολή Παραγγελίας,2024-01-03 15:59:00,Πελάτης
264,Έλεγχος Πληρωμής,2024-01-03 16:12:00,Σύστημα
264,Συλλογή Προϊόντων,2024-01-03 22:12:00,Αποθηκάριος
264,Συσκευασία,2024-01-03 22:25:00,Αποθηκάριος
264,Αποστολή,2024-01-03 23:25:00,Courier
265,Υποβολή Παραγγελίας,2024-01-03 15:35:00,Πελάτης
265,Έλεγχος Πληρωμής,2024-01-03 15:36:00,Σύστημα
265,Συλλογή Προϊόντων,2024-01-04 02:36:00,Αποθηκάριος
265,Συσκευασία,2024-01-04 02:53:00,Αποθηκάριος
265,Αποστολή,2024-01-04 03:53:00,Courier
266,Υποβολή Παραγγελίας,2024-01-03 16:05:00,Πελάτης
266,Έλεγχος Πληρωμής,2024-01-03 16:13:00,Σύστημα
266,Συλλογή Προϊόντων,2024-01-04 11:13:00,Αποθηκάριος
266,Συσκευασία,2024-01-04 11:30:00,Αποθηκάριος
266,Αποστολή,2024-01-04 15:30:00,Courier
267,Υποβολή Παραγγελίας,2024-01-03 16:04:00,Πελάτης
267,Έλεγχος Πληρωμής,2024-01-03 16:16:00,Σύστημα
267,Συλλογή Προϊόντων,2024-01-04 04:16:00,Αποθηκάριος
267,Συσκευασία,2024-01-04 04:37:00,Αποθηκάριος
267,Αποστολή,2024-01-04 06:37:00,Courier
268,Υποβολή Παραγγελίας,2024-01-03 16:14:00,Πελάτης
268,Έλεγχος Πληρωμής,2024-01-03 16:24:00,Σύστημα
268,Ακύρωση Παραγγελίας,2024-01-03 17:20:00,Σύστημα
269,Υποβολή Παραγγελίας,2024-01-03 16:04:00,Πελάτης
269,Έλεγχος Πληρωμής,2024-01-03 16:16:00,Σύστημα
269,Συλλογή Προϊόντων,2024-01-04 06:16:00,Αποθηκάριος
269,Συσκευασία,2024-01-04 06:34:00,Αποθηκάριος
269,Διόρθωση Συσκευασίας,2024-01-04 06:58:00,Επόπτης
269,Συσκευασία,2024-01-04 07:04:00,Αποθηκάριος
269,Αποστολή,2024-01-04 10:04:00,Courier
270,Υποβολή Παραγγελίας,2024-01-03 17:00:00,Πελάτης
270,Έλεγχος Πληρωμής,2024-01-03 17:13:00,Σύστημα
270,Συλλογή Προϊόντων,2024-01-04 08:13:00,Αποθηκάριος
270,Συσκευασία,2024-01-04 08:38:00,Αποθηκάριος
270,Αποστολή,2024-01-04 10:38:00,Courier
271,Υποβολή Παραγγελίας,2024-01-03 17:13:00,Πελάτης
271,Έλεγχος Πληρωμής,2024-01-03 17:23:00,Σύστημα
271,Συλλογή Προϊόντων,2024-01-04 09:23:00,Αποθηκάριος
271,Συσκευασία,2024-01-04 09:34:00,Αποθηκάριος
271,Αποστολή,2024-01-04 11:34:00,Courier
272,Υποβολή Παραγγελίας,2024-01-03 17:23:00,Πελάτης
272,Έλεγχος Πληρωμής,2024-01-03 17:29:00,Σύστημα
272,Συλλογή Προϊόντων,2024-01-03 20:29:00,Αποθηκάριος
272,Συσκευασία,2024-01-03 20:58:00,Αποθηκάριος
272,Αποστολή,2024-01-04 00:58:00,Courier
273,Υποβολή Παραγγελίας,2024-01-03 17:36:00,Πελάτης
273,Έλεγχος Πληρωμής,2024-01-03 17:49:00,Σύστημα
273,Συλλογή Προϊόντων,2024-01-04 11:49:00,Αποθηκάριος
273,Συσκευασία,2024-01-04 12:11:00,Αποθηκάριος
273,Αποστολή,2024-01-04 15:11:00,Courier
274,Υποβολή Παραγγελίας,2024-01-03 17:43:00,Πελάτης
274,Έλεγχος Πληρωμής,2024-01-03 17:45:00,Σύστημα
274,Ακύρωση Παραγγελίας,2024-01-03 18:25:00,Σύστημα
275,Υποβολή Παραγγελίας,2024-01-03 17:36:00,Πελάτης
275,Έλεγχος Πληρωμής,2024-01-03 17:49:00,Σύστημα
275,Συλλογή Προϊόντων,2024-01-04 06:49:00,Αποθηκάριος
275,Συσκευασία,2024-01-04 07:08:00,Αποθηκάριος
275,Αποστολή,2024-01-04 10:08:00,Courier
276,Υποβολή Παραγγελίας,2024-01-03 18:20:00,Πελάτης
276,Έλεγχος Πληρωμής,2024-01-03 18:22:00,Σύστημα
276,Συλλογή Προϊόντων,2024-01-03 21:22:00,Αποθηκάριος
276,Συσκευασία,2024-01-03 21:45:00,Αποθηκάριος
276,Αποστολή,2024-01-03 23:45:00,Courier
277,Υποβολή Παραγγελίας,2024-01-03 18:32:00,Πελάτης
277,Έλεγχος Πληρωμής,2024-01-03 18:43:00,Σύστημα
277,Συλλογή Προϊόντων,2024-01-04 15:43:00,Αποθηκάριος
277,Συσκευασία,2024-01-04 16:01:00,Αποθηκάριος
277,Διόρθωση Συσκευασίας,2024-01-04 16:44:00,Επόπτης
277,Συσκευασία,2024-01-04 16:50:00,Αποθηκάριος
277,Αποστολή,2024-01-04 19:50:00,Courier
278,Υποβολή Παραγγελίας,2024-01-03 18:25:00,Πελάτης
278,Έλεγχος Πληρωμής,2024-01-03 18:34:00,Σύστημα
278,Συλλογή Προϊόντων,2024-01-04 01:34:00,Αποθηκάριος
278,Συσκευασία,2024-01-04 01:52:00,Αποθηκάριος
278,Αποστολή,2024-01-04 03:52:00,Courier
279,Υποβολή Παραγγελίας,2024-01-03 18:17:00,Πελάτης
279,Έλεγχος Πληρωμής,2024-01-03 18:26:00,Σύστημα
279,Συλλογή Προϊόντων,2024-01-04 09:26:00,Αποθηκάριος
279,Συσκευασία,2024-01-04 09:41:00,Αποθηκάριος
279,Αποστολή,2024-01-04 10:41:00,Courier
280,Υποβολή Παραγγελίας,2024-01-03 19:06:00,Πελάτης
280,Έλεγχος Πληρωμής,2024-01-03 19:07:00,Σύστημα
280,Συλλογή Προϊόντων,2024-01-04 19:07:00,Αποθηκάριος
280,Συσκευασία,2024-01-04 19:28:00,Αποθηκάριος
280,Αποστολή,2024-01-04 22:28:00,Courier
281,Υποβολή Παραγγελίας,2024-01-03 18:52:00,Πελάτης
281,Έλεγχος Πληρωμής,2024-01-03 18:57:00,Σύστημα
281,Συλλογή Προϊόντων,2024-01-04 05:57:00,Αποθηκάριος
281,Συσκευασία,2024-01-04 06:21:00,Αποθηκάριος
281,Αποστολή,2024-01-04 10:21:00,Courier
282,Υποβολή Παραγγελίας,2024-01-03 19:48:00,Πελάτης
282,Έλεγχος Πληρωμής,2024-01-03 20:00:00,Σύστημα
282,Συλλογή Προϊόντων,2024-01-04 02:00:00,Αποθηκάριος
282,Συσκευασία,2024-01-04 02:24:00,Αποθηκάριος
282,Αποστολή,2024-01-04 06:24:00,Courier
283,Υποβολή Παραγγελίας,2024-01-03 20:06:00,Πελάτης
283,Έλεγχος Πληρωμής,2024-01-03 20:16:00,Σύστημα
283,Συλλογή Προϊόντων,2024-01-04 06:16:00,Αποθηκάριος
283,Συσκευασία,2024-01-04 06:40:00,Αποθηκάριος
283,Διόρθωση Συσκευασίας,2024-01-04 07:29:00,Επόπτης
283,Συσκευασία,2024-01-04 07:40:00,Αποθηκάριος
283,Αποστολή,2024-01-04 12:40:00,Courier
284,Υποβολή Παραγγελίας,2024-01-03 20:02:00,Πελάτης
284,Έλεγχος Πληρωμής,2024-01-03 20:06:00,Σύστημα
284,Συλλογή Προϊόντων,2024-01-04 04:06:00,Αποθηκάριος
284,Συσκευασία,2024-01-04 04:34:00,Αποθηκάριος
284,Αποστολή,2024-01-04 09:34:00,Courier
285,Υποβολή Παραγγελίας,2024-01-03 19:57:00,Πελάτης
285,Έλεγχος Πληρωμής,2024-01-03 20:00:00,Σύστημα
285,Ακύρωση Παραγγελίας,2024-01-03 20:48:00,Σύστημα
286,Υποβολή Παραγγελίας,2024-01-03 20:32:00,Πελάτης
286,Έλεγχος Πληρωμής,2024-01-03 20:42:00,Σύστημα
286,Συλλογή Προϊόντων,2024-01-04 02:42:00,Αποθηκάριος
286,Συσκευασία,2024-01-04 02:56:00,Αποθηκάριος
286,Διόρθωση Συσκευασίας,2024-01-04 03:25:00,Επόπτης
286,Συσκευασία,2024-01-04 03:32:00,Αποθηκάριος
286,Αποστολή,2024-01-04 07:32:00,Courier
287,Υποβολή Παραγγελίας,2024-01-03 20:40:00,Πελάτης
287,Έλεγχος Πληρωμής,2024-01-03 20:55:00,Σύστημα
287,Ακύρωση Παραγγελίας,2024-01-03 21:44:00,Σύστημα
288,Υποβολή Παραγγελίας,2024-01-03 21:08:00,Πελάτης
288,Έλεγχος Πληρωμής,2024-01-03 21:11:00,Σύστημα
288,Συλλογή Προϊόντων,2024-01-04 18:11:00,Αποθηκάριος
288,Συσκευασία,2024-01-04 18:32:00,Αποθηκάριος
288,Αποστολή,2024-01-04 21:32:00,Courier
289,Υποβολή Παραγγελίας,2024-01-03 21:08:00,Πελάτης
289,Έλεγχος Πληρωμής,2024-01-03 21:15:00,Σύστημα
289,Συλλογή Προϊόντων,2024-01-03 23:15:00,Αποθηκάριος
289,Συσκευασία,2024-01-03 23:29:00,Αποθηκάριος
289,Αποστολή,2024-01-04 02:29:00,Courier
290,Υποβολή Παραγγελίας,2024-01-03 21:06:00,Πελάτης
290,Έλεγχος Πληρωμής,2024-01-03 21:16:00,Σύστημα
290,Συλλογή Προϊόντων,2024-01-04 00:16:00,Αποθηκάριος
290,Συσκευασία,2024-01-04 00:28:00,Αποθηκάριος
290,Διόρθωση Συσκευασίας,2024-01-04 01:00:00,Επόπτης
290,Συσκευασία,2024-01-04 01:15:00,Αποθηκάριος
290,Αποστολή,2024-01-04 05:15:00,Courier
291,Υποβολή Παραγγελίας,2024-01-03 21:33:00,Πελάτης
291,Έλεγχος Πληρωμής,2024-01-03 21:34:00,Σύστημα
291,Συλλογή Προϊόντων,2024-01-04 05:34:00,Αποθηκάριος
291,Συσκευασία,2024-01-04 05:56:00,Αποθηκάριος
291,Διόρθωση Συσκευασίας,2024-01-04 06:19:00,Επόπτης
291,Συσκευασία,2024-01-04 06:33:00,Αποθηκάριος
291,Αποστολή,2024-01-04 07:33:00,Courier
292,Υποβολή Παραγγελίας,2024-01-03 21:32:00,Πελάτης
292,Έλεγχος Πληρωμής,2024-01-03 21:45:00,Σύστημα
292,Συλλογή Προϊόντων,2024-01-04 20:45:00,Αποθηκάριος
292,Συσκευασία,2024-01-04 21:15:00,Αποθηκάριος
292,Αποστολή,2024-01-05 01:15:00,Courier
293,Υποβολή Παραγγελίας,2024-01-03 21:32:00,Πελάτης
293,Έλεγχος Πληρωμής,2024-01-03 21:40:00,Σύστημα
293,Συλλογή Προϊόντων,2024-01-04 20:40:00,Αποθηκάριος
293,Συσκευασία,2024-01-04 21:07:00,Αποθηκάριος
293,Αποστολή,2024-01-05 02:07:00,Courier
294,Υποβολή Παραγγελίας,2024-01-03 22:21:00,Πελάτης
294,Έλεγχος Πληρωμής,2024-01-03 22:25:00,Σύστημα
294,Συλλογή Προϊόντων,2024-01-04 09:25:00,Αποθηκάριος
294,Συσκευασία,2024-01-04 09:41:00,Αποθηκάριος
294,Διόρθωση Συσκευασίας,2024-01-04 10:36:00,Επόπτης
294,Συσκευασία,2024-01-04 10:41:00,Αποθηκάριος
294,Αποστολή,2024-01-04 14:41:00,Courier
295,Υποβολή Παραγγελίας,2024-01-03 22:34:00,Πελάτης
295,Έλεγχος Πληρωμής,2024-01-03 22:42:00,Σύστημα
295,Συλλογή Προϊόντων,2024-01-04 02:42:00,Αποθηκάριος
295,Συσκευασία,2024-01-04 03:06:00,Αποθηκάριος
295,Αποστολή,2024-01-04 05:06:00,Courier
296,Υποβολή Παραγγελίας,2024-01-03 22:29:00,Πελάτης
296,Έλεγχος Πληρωμής,2024-01-03 22:30:00,Σύστημα
296,Συλλογή Προϊόντων,2024-01-04 16:30:00,Αποθηκάριος
296,Συσκευασία,2024-01-04 16:41:00,Αποθηκάριος
296,Αποστολή,2024-01-04 17:41:00,Courier
297,Υποβολή Παραγγελίας,2024-01-03 23:00:00,Πελάτης
297,Έλεγχος Πληρωμής,2024-01-03 23:13:00,Σύστημα
297,Συλλογή Προϊόντων,2024-01-04 16:13:00,Αποθηκάριος
297,Συσκευασία,2024-01-04 16:41:00,Αποθηκάριος
297,Αποστολή,2024-01-04 20:41:00,Courier
298,Υποβολή Παραγγελίας,2024-01-03 22:51:00,Πελάτης
298,Έλεγχος Πληρωμής,2024-01-03 22:58:00,Σύστημα
298,Συλλογή Προϊόντων,2024-01-04 21:58:00,Αποθηκάριος
298,Συσκευασία,2024-01-04 22:23:00,Αποθηκάριος
298,Αποστολή,2024-01-05 01:23:00,Courier
299,Υποβολή Παραγγελίας,2024-01-03 22:52:00,Πελάτης
299,Έλεγχος Πληρωμής,2024-01-03 23:00:00,Σύστημα
299,Συλλογή Προϊόντων,2024-01-04 19:00:00,Αποθηκάριος
299,Συσκευασία,2024-01-04 19:17:00,Αποθηκάριος
299,Αποστολή,2024-01-05 00:17:00,Courier
300,Υποβολή Παραγγελίας,2024-01-03 23:41:00,Πελάτης
300,Έλεγχος Πληρωμής,2024-01-03 23:42:00,Σύστημα
300,Συλλογή Προϊόντων,2024-01-04 19:42:00,Αποθηκάριος
300,Συσκευασία,2024-01-04 19:58:00,Αποθηκάριος
300,Διόρθωση Συσκευασίας,2024-01-04 20:15:00,Επόπτης
300,Συσκευασία,2024-01-04 20:27:00,Αποθηκάριος
300,Αποστολή,2024-01-05 00:27:00,Courier
301,Υποβολή Παραγγελίας,2024-01-03 23:51:00,Πελάτης
301,Έλεγχος Πληρωμής,2024-01-03 23:54:00,Σύστημα
301,Συλλογή Προϊόντων,2024-01-04 22:54:00,Αποθηκάριος
301,Συσκευασία,2024-01-04 23:13:00,Αποθηκάριος
301,Αποστολή,2024-01-05 04:13:00,Courier
302,Υποβολή Παραγγελίας,2024-01-03 23:36:00,Πελάτης
302,Έλεγχος Πληρωμής,2024-01-03 23:48:00,Σύστημα
302,Συλλογή Προϊόντων,2024-01-04 05:48:00,Αποθηκάριος
302,Συσκευασία,2024-01-04 06:11:00,Αποθηκάριος
302,Αποστολή,2024-01-04 11:11:00,Courier
303,Υποβολή Παραγγελίας,2024-01-04 00:17:00,Πελάτης
303,Έλεγχος Πληρωμής,2024-01-04 00:24:00,Σύστημα
303,Συλλογή Προϊόντων,2024-01-04 22:24:00,Αποθηκάριος
303,Συσκευασία,2024-01-04 22:50:00,Αποθηκάριος
303,Αποστολή,2024-01-04 23:50:00,Courier
304,Υποβολή Παραγγελίας,2024-01-04 00:59:00,Πελάτης
304,Έλεγχος Πληρωμής,2024-01-04 01:03:00,Σύστημα
304,Συλλογή Προϊόντων,2024-01-04 13:03:00,Αποθηκάριος
304,Συσκευασία,2024-01-04 13:23:00,Αποθηκάριος
304,Αποστολή,2024-01-04 14:23:00,Courier
305,Υποβολή Παραγγελίας,2024-01-04 01:12:00,Πελάτης
305,Έλεγχος Πληρωμής,2024-01-04 01:13:00,Σύστημα
305,Συλλογή Προϊόντων,2024-01-04 08:13:00,Αποθηκάριος
305,Συσκευασία,2024-01-04 08:32:00,Αποθηκάριος
305,Αποστολή,2024-01-04 10:32:00,Courier
306,Υποβολή Παραγγελίας,2024-01-04 01:29:00,Πελάτης
306,Έλεγχος Πληρωμής,2024-01-04 01:30:00,Σύστημα
306,Συλλογή Προϊόντων,2024-01-04 04:30:00,Αποθηκάριος
306,Συσκευασία,2024-01-04 04:43:00,Αποθηκάριος
306,Αποστολή,2024-01-04 06:43:00,Courier
307,Υποβολή Παραγγελίας,2024-01-04 01:42:00,Πελάτης
307,Έλεγχος Πληρωμής,2024-01-04 01:47:00,Σύστημα
307,Συλλογή Προϊόντων,2024-01-04 06:47:00,Αποθηκάριος
307,Συσκευασία,2024-01-04 07:15:00,Αποθηκάριος
307,Αποστολή,2024-01-04 09:15:00,Courier
308,Υποβολή Παραγγελίας,2024-01-04 01:55:00,Πελάτης
308,Έλεγχος Πληρωμής,2024-01-04 02:07:00,Σύστημα
308,Συλλογή Προϊόντων,2024-01-04 23:07:00,Αποθηκάριος
308,Συσκευασία,2024-01-04 23:35:00,Αποθηκάριος
308,Αποστολή,2024-01-05 01:35:00,Courier
309,Υποβολή Παραγγελίας,2024-01-04 02:00:00,Πελάτης
309,Έλεγχος Πληρωμής,2024-01-04 02:04:00,Σύστημα
309,Συλλογή Προϊόντων,2024-01-04 12:04:00,Αποθηκάριος
309,Συσκευασία,2024-01-04 12:30:00,Αποθηκάριος
309,Αποστολή,2024-01-04 16:30:00,Courier
310,Υποβολή Παραγγελίας,2024-01-04 01:47:00,Πελάτης
310,Έλεγχος Πληρωμής,2024-01-04 02:00:00,Σύστημα
310,Συλλογή Προϊόντων,2024-01-04 21:00:00,Αποθηκάριος
310,Συσκευασία,2024-01-04 21:20:00,Αποθηκάριος
310,Αποστολή,2024-01-04 23:20:00,Courier
311,Υποβολή Παραγγελίας,2024-01-04 02:25:00,Πελάτης
311,Έλεγχος Πληρωμής,2024-01-04 02:28:00,Σύστημα
311,Συλλογή Προϊόντων,2024-01-04 18:28:00,Αποθηκάριος
311,Συσκευασία,2024-01-04 18:44:00,Αποθηκάριος
311,Αποστολή,2024-01-04 21:44:00,Courier
312,Υποβολή Παραγγελίας,2024-01-04 02:46:00,Πελάτης
312,Έλεγχος Πληρωμής,2024-01-04 02:56:00,Σύστημα
312,Συλλογή Προϊόντων,2024-01-04 21:56:00,Αποθηκάριος
312,Συσκευασία,2024-01-04 22:22:00,Αποθηκάριος
312,Αποστολή,2024-01-05 03:22:00,Courier
313,Υποβολή Παραγγελίας,2024-01-04 02:54:00,Πελάτης
313,Έλεγχος Πληρωμής,2024-01-04 02:58:00,Σύστημα
313,Συλλογή Προϊόντων,2024-01-04 16:58:00,Αποθηκάριος
313,Συσκευασία,2024-01-04 17:13:00,Αποθηκάριος
313,Αποστολή,2024-01-04 21:13:00,Courier
314,Υποβολή Παραγγελίας,2024-01-04 02:51:00,Πελάτης
314,Έλεγχος Πληρωμής,2024-01-04 02:59:00,Σύστημα
314,Συλλογή Προϊόντων,2024-01-05 00:59:00,Αποθηκάριος
314,Συσκευασία,2024-01-05 01:28:00,Αποθηκάριος
314,Αποστολή,2024-01-05 03:28:00,Courier
315,Υποβολή Παραγγελίας,2024-01-04 03:41:00,Πελάτης
315,Έλεγχος Πληρωμής,2024-01-04 03:42:00,Σύστημα
315,Συλλογή Προϊόντων,2024-01-04 14:42:00,Αποθηκάριος
315,Συσκευασία,2024-01-04 15:12:00,Αποθηκάριος
315,Αποστολή,2024-01-04 16:12:00,Courier
316,Υποβολή Παραγγελίας,2024-01-04 03:20:00,Πελάτης
316,Έλεγχος Πληρωμής,2024-01-04 03:21:00,Σύστημα
316,Συλλογή Προϊόντων,2024-01-04 08:21:00,Αποθηκάριος
316,Συσκευασία,2024-01-04 08:39:00,Αποθηκάριος
316,Αποστολή,2024-01-04 11:39:00,Courier
317,Υποβολή Παραγγελίας,2024-01-04 03:29:00,Πελάτης
317,Έλεγχος Πληρωμής,2024-01-04 03:36:00,Σύστημα
317,Συλλογή Προϊόντων,2024-01-04 12:36:00,Αποθηκάριος
317,Συσκευασία,2024-01-04 13:02:00,Αποθηκάριος
317,Αποστολή,2024-01-04 15:02:00,Courier
318,Υποβολή Παραγγελίας,2024-01-04 03:49:00,Πελάτης
318,Έλεγχος Πληρωμής,2024-01-04 04:04:00,Σύστημα
318,Ακύρωση Παραγγελίας,2024-01-04 04:57:00,Σύστημα
319,Υποβολή Παραγγελίας,2024-01-04 04:48:00,Πελάτης
319,Έλεγχος Πληρωμής,2024-01-04 05:03:00,Σύστημα
319,Συλλογή Προϊόντων,2024-01-04 12:03:00,Αποθηκάριος
319,Συσκευασία,2024-01-04 12:22:00,Αποθηκάριος
319,Αποστολή,2024-01-04 17:22:00,Courier
320,Υποβολή Παραγγελίας,2024-01-04 04:30:00,Πελάτης
320,Έλεγχος Πληρωμής,2024-01-04 04:45:00,Σύστημα
320,Συλλογή Προϊόντων,2024-01-04 16:45:00,Αποθηκάριος
320,Συσκευασία,2024-01-04 17:13:00,Αποθηκάριος
320,Αποστολή,2024-01-04 20:13:00,Courier
321,Υποβολή Παραγγελίας,2024-01-04 04:51:00,Πελάτης
321,Έλεγχος Πληρωμής,2024-01-04 05:06:00,Σύστημα
321,Συλλογή Προϊόντων,2024-01-04 10:06:00,Αποθηκάριος
321,Συσκευασία,2024-01-04 10:21:00,Αποθηκάριος
321,Αποστολή,2024-01-04 13:21:00,Courier
322,Υποβολή Παραγγελίας,2024-01-04 05:21:00,Πελάτης
322,Έλεγχος Πληρωμής,2024-01-04 05:29:00,Σύστημα
322,Συλλογή Προϊόντων,2024-01-05 01:29:00,Αποθηκάριος
322,Συσκευασία,2024-01-05 01:47:00,Αποθηκάριος
322,Αποστολή,2024-01-05 05:47:00,Courier
323,Υποβολή Παραγγελίας,2024-01-04 05:50:00,Πελάτης
323,Έλεγχος Πληρωμής,2024-01-04 06:04:00,Σύστημα
323,Συλλογή Προϊόντων,2024-01-04 20:04:00,Αποθηκάριος
323,Συσκευασία,2024-01-04 20:34:00,Αποθηκάριος
323,Διόρθωση Συσκευασίας,2024-01-04 21:10:00,Επόπτης
323,Συσκευασία,2024-01-04 21:20:00,Αποθηκάριος
323,Αποστολή,2024-01-05 02:20:00,Courier
324,Υποβολή Παραγγελίας,2024-01-04 05:20:00,Πελάτης
324,Έλεγχος Πληρωμής,2024-01-04 05:21:00,Σύστημα
324,Συλλογή Προϊόντων,2024-01-05 03:21:00,Αποθηκάριος
324,Συσκευασία,2024-01-05 03:35:00,Αποθηκάριος
324,Αποστολή,2024-01-05 05:35:00,Courier
325,Υποβολή Παραγγελίας,2024-01-04 06:05:00,Πελάτης
325,Έλεγχος Πληρωμής,2024-01-04 06:14:00,Σύστημα
325,Ακύρωση Παραγγελίας,2024-01-04 06:41:00,Σύστημα
326,Υποβολή Παραγγελίας,2024-01-04 06:01:00,Πελάτης
326,Έλεγχος Πληρωμής,2024-01-04 06:07:00,Σύστημα
326,Συλλογή Προϊόντων,2024-01-04 11:07:00,Αποθηκάριος
326,Συσκευασία,2024-01-04 11:34:00,Αποθηκάριος
326,Αποστολή,2024-01-04 12:34:00,Courier
327,Υποβολή Παραγγελίας,2024-01-04 06:18:00,Πελάτης
327,Έλεγχος Πληρωμής,2024-01-04 06:19:00,Σύστημα
327,Συλλογή Προϊόντων,2024-01-04 08:19:00,Αποθηκάριος
327,Συσκευασία,2024-01-04 08:41:00,Αποθηκάριος
327,Αποστολή,2024-01-04 12:41:00,Courier
328,Υποβολή Παραγγελίας,2024-01-04 06:39:00,Πελάτης
328,Έλεγχος Πληρωμής,2024-01-04 06:40:00,Σύστημα
328,Συλλογή Προϊόντων,2024-01-04 08:40:00,Αποθηκάριος
328,Συσκευασία,2024-01-04 08:51:00,Αποθηκάριος
328,Αποστολή,2024-01-04 12:51:00,Courier
329,Υποβολή Παραγγελίας,2024-01-04 06:38:00,Πελάτης
329,Έλεγχος Πληρωμής,2024-01-04 06:48:00,Σύστημα
329,Συλλογή Προϊόντων,2024-01-04 22:48:00,Αποθηκάριος
329,Συσκευασία,2024-01-04 22:59:00,Αποθηκάριος
329,Αποστολή,2024-01-05 00:59:00,Courier
330,Υποβολή Παραγγελίας,2024-01-04 07:37:00,Πελάτης
330,Έλεγχος Πληρωμής,2024-01-04 07:45:00,Σύστημα
330,Ακύρωση Παραγγελίας,2024-01-04 07:59:00,Σύστημα
331,Υποβολή Παραγγελίας,2024-01-04 06:53:00,Πελάτης
331,Έλεγχος Πληρωμής,2024-01-04 06:57:00,Σύστημα
331,Συλλογή Προϊόντων,2024-01-04 14:57:00,Αποθηκάριος
331,Συσκευασία,2024-01-04 15:11:00,Αποθηκάριος
331,Διόρθωση Συσκευασίας,2024-01-04 16:02:00,Επόπτης
331,Συσκευασία,2024-01-04 16:14:00,Αποθηκάριος
331,Αποστολή,2024-01-04 18:14:00,Courier
332,Υποβολή Παραγγελίας,2024-01-04 07:39:00,Πελάτης
332,Έλεγχος Πληρωμής,2024-01-04 07:44:00,Σύστημα
332,Συλλογή Προϊόντων,2024-01-05 07:44:00,Αποθηκάριος
332,Συσκευασία,2024-01-05 08:10:00,Αποθηκάριος
332,Διόρθωση Συσκευασίας,2024-01-05 09:08:00,Επόπτης
332,Συσκευασία,2024-01-05 09:13:00,Αποθηκάριος
332,Αποστολή,2024-01-05 12:13:00,Courier
333,Υποβολή Παραγγελίας,2024-01-04 07:24:00,Πελάτης
333,Έλεγχος Πληρωμής,2024-01-04 07:28:00,Σύστημα
333,Συλλογή Προϊόντων,2024-01-04 20:28:00,Αποθηκάριος
333,Συσκευασία,2024-01-04 20:42:00,Αποθηκάριος
333,Διόρθωση Συσκευασίας,2024-01-04 21:16:00,Επόπτης
333,Συσκευασία,2024-01-04 21:28:00,Αποθηκάριος
333,Αποστολή,2024-01-05 00:28:00,Courier
334,Υποβολή Παραγγελίας,2024-01-04 07:57:00,Πελάτης
334,Έλεγχος Πληρωμής,2024-01-04 08:05:00,Σύστημα
334,Συλλογή Προϊόντων,2024-01-05 05:05:00,Αποθηκάριος
334,Συσκευασία,2024-01-05 05:33:00,Αποθηκάριος
334,Αποστολή,2024-01-05 07:33:00,Courier
335,Υποβολή Παραγγελίας,2024-01-04 08:42:00,Πελάτης
335,Έλεγχος Πληρωμής,2024-01-04 08:54:00,Σύστημα
335,Συλλογή Προϊόντων,2024-01-05 07:54:00,Αποθηκάριος
335,Συσκευασία,2024-01-05 08:17:00,Αποθηκάριος
335,Αποστολή,2024-01-05 09:17:00,Courier
336,Υποβολή Παραγγελίας,2024-01-04 08:12:00,Πελάτης
336,Έλεγχος Πληρωμής,2024-01-04 08:14:00,Σύστημα
336,Συλλογή Προϊόντων,2024-01-05 07:14:00,Αποθηκάριος
336,Συσκευασία,2024-01-05 07:37:00,Αποθηκάριος
336,Αποστολή,2024-01-05 08:37:00,Courier
337,Υποβολή Παραγγελίας,2024-01-04 09:20:00,Πελάτης
337,Έλεγχος Πληρωμής,2024-01-04 09:24:00,Σύστημα
337,Συλλογή Προϊόντων,2024-01-05 04:24:00,Αποθηκάριος
337,Συσκευασία,2024-01-05 04:35:00,Αποθηκάριος
337,Αποστολή,2024-01-05 06:35:00,Courier
338,Υποβολή Παραγγελίας,2024-01-04 08:34:00,Πελάτης
338,Έλεγχος Πληρωμής,2024-01-04 08:39:00,Σύστημα
338,Συλλογή Προϊόντων,2024-01-04 23:39:00,Αποθηκάριος
338,Συσκευασία,2024-01-04 23:50:00,Αποθηκάριος
338,Αποστολή,2024-01-05 01:50:00,Courier
339,Υποβολή Παραγγελίας,2024-01-04 09:07:00,Πελάτης
339,Έλεγχος Πληρωμής,2024-01-04 09:21:00,Σύστημα
339,Συλλογή Προϊόντων,2024-01-04 20:21:00,Αποθηκάριος
339,Συσκευασία,2024-01-04 20:32:00,Αποθηκάριος
339,Αποστολή,2024-01-05 01:32:00,Courier
340,Υποβολή Παραγγελίας,2024-01-04 09:53:00,Πελάτης
340,Έλεγχος Πληρωμής,2024-01-04 10:08:00,Σύστημα
340,Συλλογή Προϊόντων,2024-01-04 18:08:00,Αποθηκάριος
340,Συσκευασία,2024-01-04 18:33:00,Αποθηκάριος
340,Διόρθωση Συσκευασίας,2024-01-04 18:48:00,Επόπτης
340,Συσκευασία,2024-01-04 19:01:00,Αποθηκάριος
340,Αποστολή,2024-01-05 00:01:00,Courier
341,Υποβολή Παραγγελίας,2024-01-04 09:39:00,Πελάτης
341,Έλεγχος Πληρωμής,2024-01-04 09:50:00,Σύστημα
341,Συλλογή Προϊόντων,2024-01-04 14:50:00,Αποθηκάριος
341,Συσκευασία,2024-01-04 15:12:00,Αποθηκάριος
341,Διόρθωση Συσκευασίας,2024-01-04 15:49:00,Επόπτης
341,Συσκευασία,2024-01-04 15:56:00,Αποθηκάριος
341,Αποστολή,2024-01-04 20:56:00,Courier
342,Υποβολή Παραγγελίας,2024-01-04 09:36:00,Πελάτης
342,Έλεγχος Πληρωμής,2024-01-04 09:49:00,Σύστημα
342,Συλλογή Προϊόντων,2024-01-04 21:49:00,Αποθηκάριος
342,Συσκευασία,2024-01-04 22:14:00,Αποθηκάριος
342,Αποστολή,2024-01-05 00:14:00,Courier
343,Υποβολή Παραγγελίας,2024-01-04 09:39:00,Πελάτης
343,Έλεγχος Πληρωμής,2024-01-04 09:48:00,Σύστημα
343,Συλλογή Προϊόντων,2024-01-04 21:48:00,Αποθηκάριος
343,Συσκευασία,2024-01-04 22:00:00,Αποθηκάριος
343,Αποστολή,2024-01-05 02:00:00,Courier
344,Υποβολή Παραγγελίας,2024-01-04 10:39:00,Πελάτης
344,Έλεγχος Πληρωμής,2024-01-04 10:49:00,Σύστημα
344,Συλλογή Προϊόντων,2024-01-05 03:49:00,Αποθηκάριος
344,Συσκευασία,2024-01-05 04:15:00,Αποθηκάριος
344,Αποστολή,2024-01-05 05:15:00,Courier
345,Υποβολή Παραγγελίας,2024-01-04 09:56:00,Πελάτης
345,Έλεγχος Πληρωμής,2024-01-04 10:09:00,Σύστημα
345,Συλλογή Προϊόντων,2024-01-05 09:09:00,Αποθηκάριος
345,Συσκευασία,2024-01-05 09:24:00,Αποθηκάριος
345,Αποστολή,2024-01-05 11:24:00,Courier
346,Υποβολή Παραγγελίας,2024-01-04 10:47:00,Πελάτης
346,Έλεγχος Πληρωμής,2024-01-04 11:00:00,Σύστημα
346,Συλλογή Προϊόντων,2024-01-04 21:00:00,Αποθηκάριος
346,Συσκευασία,2024-01-04 21:29:00,Αποθηκάριος
346,Αποστολή,2024-01-05 00:29:00,Courier
347,Υποβολή Παραγγελίας,2024-01-04 10:44:00,Πελάτης
347,Έλεγχος Πληρωμής,2024-01-04 10:53:00,Σύστημα
347,Συλλογή Προϊόντων,2024-01-05 07:53:00,Αποθηκάριος
347,Συσκευασία,2024-01-05 08:16:00,Αποθηκάριος
347,Αποστολή,2024-01-05 12:16:00,Courier
348,Υποβολή Παραγγελίας,2024-01-04 10:26:00,Πελάτης
348,Έλεγχος Πληρωμής,2024-01-04 10:30:00,Σύστημα
348,Ακύρωση Παραγγελίας,2024-01-04 10:48:00,Σύστημα
349,Υποβολή Παραγγελίας,2024-01-04 10:29:00,Πελάτης
349,Έλεγχος Πληρωμής,2024-01-04 10:36:00,Σύστημα
349,Συλλογή Προϊόντων,2024-01-04 13:36:00,Αποθηκάριος
349,Συσκευασία,2024-01-04 14:06:00,Αποθηκάριος
349,Αποστολή,2024-01-04 16:06:00,Courier
350,Υποβολή Παραγγελίας,2024-01-04 10:43:00,Πελάτης
350,Έλεγχος Πληρωμής,2024-01-04 10:48:00,Σύστημα
350,Συλλογή Προϊόντων,2024-01-05 01:48:00,Αποθηκάριος
350,Συσκευασία,2024-01-05 02:03:00,Αποθηκάριος
350,Διόρθωση Συσκευασίας,2024-01-05 02:29:00,Επόπτης
350,Συσκευασία,2024-01-05 02:37:00,Αποθηκάριος
350,Αποστολή,2024-01-05 07:37:00,Courier
351,Υποβολή Παραγγελίας,2024-01-04 11:17:00,Πελάτης
351,Έλεγχος Πληρωμής,2024-01-04 11:28:00,Σύστημα
351,Συλλογή Προϊόντων,2024-01-04 14:28:00,Αποθηκάριος
351,Συσκευασία,2024-01-04 14:51:00,Αποθηκάριος
351,Αποστολή,2024-01-04 19:51:00,Courier
352,Υποβολή Παραγγελίας,2024-01-04 11:44:00,Πελάτης
352,Έλεγχος Πληρωμής,2024-01-04 11:53:00,Σύστημα
352,Συλλογή Προϊόντων,2024-01-05 10:53:00,Αποθηκάριος
352,Συσκευασία,2024-01-05 11:16:00,Αποθηκάριος
352,Αποστολή,2024-01-05 15:16:00,Courier
353,Υποβολή Παραγγελίας,2024-01-04 11:49:00,Πελάτης
353,Έλεγχος Πληρωμής,2024-01-04 11:56:00,Σύστημα
353,Συλλογή Προϊόντων,2024-01-05 05:56:00,Αποθηκάριος
353,Συσκευασία,2024-01-05 06:16:00,Αποθηκάριος
353,Αποστολή,2024-01-05 08:16:00,Courier
354,Υποβολή Παραγγελίας,2024-01-04 12:00:00,Πελάτης
354,Έλεγχος Πληρωμής,2024-01-04 12:13:00,Σύστημα
354,Συλλογή Προϊόντων,2024-01-05 12:13:00,Αποθηκάριος
354,Συσκευασία,2024-01-05 12:41:00,Αποθηκάριος
354,Αποστολή,2024-01-05 14:41:00,Courier
355,Υποβολή Παραγγελίας,2024-01-04 12:09:00,Πελάτης
355,Έλεγχος Πληρωμής,2024-01-04 12:15:00,Σύστημα
355,Συλλογή Προϊόντων,2024-01-05 07:15:00,Αποθηκάριος
355,Συσκευασία,2024-01-05 07:45:00,Αποθηκάριος
355,Αποστολή,2024-01-05 12:45:00,Courier
356,Υποβολή Παραγγελίας,2024-01-04 12:14:00,Πελάτης
356,Έλεγχος Πληρωμής,2024-01-04 12:15:00,Σύστημα
356,Ακύρωση Παραγγελίας,2024-01-04 12:50:00,Σύστημα
357,Υποβολή Παραγγελίας,2024-01-04 12:17:00,Πελάτης
357,Έλεγχος Πληρωμής,2024-01-04 12:25:00,Σύστημα
357,Συλλογή Προϊόντων,2024-01-04 22:25:00,Αποθηκάριος
357,Συσκευασία,2024-01-04 22:35:00,Αποθηκάριος
357,Αποστολή,2024-01-05 01:35:00,Courier
358,Υποβολή Παραγγελίας,2024-01-04 12:04:00,Πελάτης
358,Έλεγχος Πληρωμής,2024-01-04 12:15:00,Σύστημα
358,Συλλογή Προϊόντων,2024-01-04 18:15:00,Αποθηκάριος
358,Συσκευασία,2024-01-04 18:32:00,Αποθηκάριος
358,Αποστολή,2024-01-04 23:32:00,Courier
359,Υποβολή Παραγγελίας,2024-01-04 12:42:00,Πελάτης
359,Έλεγχος Πληρωμής,2024-01-04 12:44:00,Σύστημα
359,Συλλογή Προϊόντων,2024-01-04 17:44:00,Αποθηκάριος
359,Συσκευασία,2024-01-04 17:59:00,Αποθηκάριος
359,Διόρθωση Συσκευασίας,2024-01-04 18:57:00,Επόπτης
359,Συσκευασία,2024-01-04 19:04:00,Αποθηκάριος
359,Αποστολή,2024-01-04 22:04:00,Courier
360,Υποβολή Παραγγελίας,2024-01-04 12:21:00,Πελάτης
360,Έλεγχος Πληρωμής,2024-01-04 12:31:00,Σύστημα
360,Συλλογή Προϊόντων,2024-01-04 21:31:00,Αποθηκάριος
360,Συσκευασία,2024-01-04 21:50:00,Αποθηκάριος
360,Αποστολή,2024-01-04 22:50:00,Courier
361,Υποβολή Παραγγελίας,2024-01-04 13:07:00,Πελάτης
361,Έλεγχος Πληρωμής,2024-01-04 13:09:00,Σύστημα
361,Ακύρωση Παραγγελίας,2024-01-04 13:25:00,Σύστημα
362,Υποβολή Παραγγελίας,2024-01-04 13:06:00,Πελάτης
362,Έλεγχος Πληρωμής,2024-01-04 13:19:00,Σύστημα
362,Ακύρωση Παραγγελίας,2024-01-04 14:16:00,Σύστημα
363,Υποβολή Παραγγελίας,2024-01-04 13:09:00,Πελάτης
363,Έλεγχος Πληρωμής,2024-01-04 13:18:00,Σύστημα
363,Συλλογή Προϊόντων,2024-01-05 01:18:00,Αποθηκάριος
363,Συσκευασία,2024-01-05 01:37:00,Αποθηκάριος
363,Αποστολή,2024-01-05 06:37:00,Courier
364,Υποβολή Παραγγελίας,2024-01-04 13:04:00,Πελάτης
364,Έλεγχος Πληρωμής,2024-01-04 13:15:00,Σύστημα
364,Συλλογή Προϊόντων,2024-01-05 12:15:00,Αποθηκάριος
364,Συσκευασία,2024-01-05 12:30:00,Αποθηκάριος
364,Αποστολή,2024-01-05 14:30:00,Courier
365,Υποβολή Παραγγελίας,2024-01-04 13:20:00,Πελάτης
365,Έλεγχος Πληρωμής,2024-01-04 13:23:00,Σύστημα
365,Συλλογή Προϊόντων,2024-01-05 09:23:00,Αποθηκάριος
365,Συσκευασία,2024-01-05 09:48:00,Αποθηκάριος
365,Αποστολή,2024-01-05 12:48:00,Courier
366,Υποβολή Παραγγελίας,2024-01-04 13:25:00,Πελάτης
366,Έλεγχος Πληρωμής,2024-01-04 13:32:00,Σύστημα
366,Συλλογή Προϊόντων,2024-01-05 11:32:00,Αποθηκάριος
366,Συσκευασία,2024-01-05 11:54:00,Αποθηκάριος
366,Αποστολή,2024-01-05 16:54:00,Courier
367,Υποβολή Παραγγελίας,2024-01-04 14:22:00,Πελάτης
367,Έλεγχος Πληρωμής,2024-01-04 14:24:00,Σύστημα
367,Συλλογή Προϊόντων,2024-01-05 10:24:00,Αποθηκάριος
367,Συσκευασία,2024-01-05 10:52:00,Αποθηκάριος
367,Αποστολή,2024-01-05 11:52:00,Courier
368,Υποβολή Παραγγελίας,2024-01-04 13:41:00,Πελάτης
368,Έλεγχος Πληρωμής,2024-01-04 13:49:00,Σύστημα
368,Ακύρωση Παραγγελίας,2024-01-04 14:29:00,Σύστημα
369,Υποβολή Παραγγελίας,2024-01-04 14:16:00,Πελάτης
369,Έλεγχος Πληρωμής,2024-01-04 14:27:00,Σύστημα
369,Συλλογή Προϊόντων,2024-01-04 23:27:00,Αποθηκάριος
369,Συσκευασία,2024-01-04 23:49:00,Αποθηκάριος
369,Αποστολή,2024-01-05 04:49:00,Courier
370,Υποβολή Παραγγελίας,2024-01-04 15:03:00,Πελάτης
370,Έλεγχος Πληρωμής,2024-01-04 15:04:00,Σύστημα
370,Συλλογή Προϊόντων,2024-01-05 03:04:00,Αποθηκάριος
370,Συσκευασία,2024-01-05 03:29:00,Αποθηκάριος
370,Αποστολή,2024-01-05 06:29:00,Courier
371,Υποβολή Παραγγελίας,2024-01-04 15:17:00,Πελάτης
371,Έλεγχος Πληρωμής,2024-01-04 15:25:00,Σύστημα
371,Συλλογή Προϊόντων,2024-01-04 20:25:00,Αποθηκάριος
371,Συσκευασία,2024-01-04 20:37:00,Αποθηκάριος
371,Αποστολή,2024-01-04 22:37:00,Courier
372,Υποβολή Παραγγελίας,2024-01-04 15:02:00,Πελάτης
372,Έλεγχος Πληρωμής,2024-01-04 15:04:00,Σύστημα
372,Συλλογή Προϊόντων,2024-01-04 20:04:00,Αποθηκάριος
372,Συσκευασία,2024-01-04 20:32:00,Αποθηκάριος
372,Αποστολή,2024-01-04 21:32:00,Courier
373,Υποβολή Παραγγελίας,2024-01-04 15:10:00,Πελάτης
373,Έλεγχος Πληρωμής,2024-01-04 15:12:00,Σύστημα
373,Συλλογή Προϊόντων,2024-01-04 22:12:00,Αποθηκάριος
373,Συσκευασία,2024-01-04 22:24:00,Αποθηκάριος
373,Αποστολή,2024-01-05 00:24:00,Courier
374,Υποβολή Παραγγελίας,2024-01-04 15:56:00,Πελάτης
374,Έλεγχος Πληρωμής,2024-01-04 16:03:00,Σύστημα
374,Συλλογή Προϊόντων,2024-01-05 11:03:00,Αποθηκάριος
374,Συσκευασία,2024-01-05 11:24:00,Αποθηκάριος
374,Αποστολή,2024-01-05 14:24:00,Courier
375,Υποβολή Παραγγελίας,2024-01-04 16:14:00,Πελάτης
375,Έλεγχος Πληρωμής,2024-01-04 16:17:00,Σύστημα
375,Συλλογή Προϊόντων,2024-01-05 07:17:00,Αποθηκάριος
375,Συσκευασία,2024-01-05 07:45:00,Αποθηκάριος
375,Αποστολή,2024-01-05 08:45:00,Courier
376,Υποβολή Παραγγελίας,2024-01-04 16:31:00,Πελάτης
376,Έλεγχος Πληρωμής,2024-01-04 16:34:00,Σύστημα
376,Συλλογή Προϊόντων,2024-01-04 18:34:00,Αποθηκάριος
376,Συσκευασία,2024-01-04 18:57:00,Αποθηκάριος
376,Αποστολή,2024-01-04 22:57:00,Courier
377,Υποβολή Παραγγελίας,2024-01-04 16:33:00,Πελάτης
377,Έλεγχος Πληρωμής,2024-01-04 16:47:00,Σύστημα
377,Συλλογή Προϊόντων,2024-01-04 23:47:00,Αποθηκάριος
377,Συσκευασία,2024-01-05 00:17:00,Αποθηκάριος
377,Αποστολή,2024-01-05 05:17:00,Courier
378,Υποβολή Παραγγελίας,2024-01-04 16:15:00,Πελάτης
378,Έλεγχος Πληρωμής,2024-01-04 16:21:00,Σύστημα
378,Συλλογή Προϊόντων,2024-01-04 18:21:00,Αποθηκάριος
378,Συσκευασία,2024-01-04 18:35:00,Αποθηκάριος
378,Αποστολή,2024-01-04 19:35:00,Courier
379,Υποβολή Παραγγελίας,2024-01-04 17:03:00,Πελάτης
379,Έλεγχος Πληρωμής,2024-01-04 17:06:00,Σύστημα
379,Συλλογή Προϊόντων,2024-01-05 02:06:00,Αποθηκάριος
379,Συσκευασία,2024-01-05 02:21:00,Αποθηκάριος
379,Αποστολή,2024-01-05 03:21:00,Courier
380,Υποβολή Παραγγελίας,2024-01-04 16:36:00,Πελάτης
380,Έλεγχος Πληρωμής,2024-01-04 16:37:00,Σύστημα
380,Συλλογή Προϊόντων,2024-01-05 14:37:00,Αποθηκάριος
380,Συσκευασία,2024-01-05 15:06:00,Αποθηκάριος
380,Αποστολή,2024-01-05 20:06:00,Courier
381,Υποβολή Παραγγελίας,2024-01-04 17:04:00,Πελάτης
381,Έλεγχος Πληρωμής,2024-01-04 17:16:00,Σύστημα
381,Συλλογή Προϊόντων,2024-01-04 21:16:00,Αποθηκάριος
381,Συσκευασία,2024-01-04 21:30:00,Αποθηκάριος
381,Αποστολή,2024-01-05 01:30:00,Courier
382,Υποβολή Παραγγελίας,2024-01-04 17:14:00,Πελάτης
382,Έλεγχος Πληρωμής,2024-01-04 17:26:00,Σύστημα
382,Συλλογή Προϊόντων,2024-01-05 02:26:00,Αποθηκάριος
382,Συσκευασία,2024-01-05 02:46:00,Αποθηκάριος
382,Αποστολή,2024-01-05 06:46:00,Courier
383,Υποβολή Παραγγελίας,2024-01-04 17:13:00,Πελάτης
383,Έλεγχος Πληρωμής,2024-01-04 17:28:00,Σύστημα
383,Συλλογή Προϊόντων,2024-01-05 14:28:00,Αποθηκάριος
383,Συσκευασία,2024-01-05 14:40:00,Αποθηκάριος
383,Αποστολή,2024-01-05 19:40:00,Courier
384,Υποβολή Παραγγελίας,2024-01-04 17:40:00,Πελάτης
384,Έλεγχος Πληρωμής,2024-01-04 17:45:00,Σύστημα
384,Συλλογή Προϊόντων,2024-01-05 07:45:00,Αποθηκάριος
384,Συσκευασία,2024-01-05 08:07:00,Αποθηκάριος
384,Αποστολή,2024-01-05 13:07:00,Courier
385,Υποβολή Παραγγελίας,2024-01-04 17:22:00,Πελάτης
385,Έλεγχος Πληρωμής,2024-01-04 17:36:00,Σύστημα
385,Συλλογή Προϊόντων,2024-01-05 04:36:00,Αποθηκάριος
385,Συσκευασία,2024-01-05 04:52:00,Αποθηκάριος
385,Αποστολή,2024-01-05 06:52:00,Courier
386,Υποβολή Παραγγελίας,2024-01-04 17:42:00,Πελάτης
386,Έλεγχος Πληρωμής,2024-01-04 17:44:00,Σύστημα
386,Συλλογή Προϊόντων,2024-01-04 21:44:00,Αποθηκάριος
386,Συσκευασία,2024-01-04 21:56:00,Αποθηκάριος
386,Διόρθωση Συσκευασίας,2024-01-04 22:13:00,Επόπτης
386,Συσκευασία,2024-01-04 22:24:00,Αποθηκάριος
386,Αποστολή,2024-01-05 00:24:00,Courier
387,Υποβολή Παραγγελίας,2024-01-04 18:34:00,Πελάτης
387,Έλεγχος Πληρωμής,2024-01-04 18:36:00,Σύστημα
387,Συλλογή Προϊόντων,2024-01-05 08:36:00,Αποθηκάριος
387,Συσκευασία,2024-01-05 08:48:00,Αποθηκάριος
387,Αποστολή,2024-01-05 10:48:00,Courier
388,Υποβολή Παραγγελίας,2024-01-04 17:52:00,Πελάτης
388,Έλεγχος Πληρωμής,2024-01-04 17:54:00,Σύστημα
388,Συλλογή Προϊόντων,2024-01-04 20:54:00,Αποθηκάριος
388,Συσκευασία,2024-01-04 21:12:00,Αποθηκάριος
388,Αποστολή,2024-01-04 23:12:00,Courier
389,Υποβολή Παραγγελίας,2024-01-04 18:29:00,Πελάτης
389,Έλεγχος Πληρωμής,2024-01-04 18:44:00,Σύστημα
389,Συλλογή Προϊόντων,2024-01-05 10:44:00,Αποθηκάριος
389,Συσκευασία,2024-01-05 11:11:00,Αποθηκάριος
389,Αποστολή,2024-01-05 15:11:00,Courier
390,Υποβολή Παραγγελίας,2024-01-04 19:09:00,Πελάτης
390,Έλεγχος Πληρωμής,2024-01-04 19:18:00,Σύστημα
390,Συλλογή Προϊόντων,2024-01-05 13:18:00,Αποθηκάριος
390,Συσκευασία,2024-01-05 13:33:00,Αποθηκάριος
390,Αποστολή,2024-01-05 17:33:00,Courier
391,Υποβολή Παραγγελίας,2024-01-04 19:05:00,Πελάτης
391,Έλεγχος Πληρωμής,2024-01-04 19:12:00,Σύστημα
391,Ακύρωση Παραγγελίας,2024-01-04 19:37:00,Σύστημα
392,Υποβολή Παραγγελίας,2024-01-04 19:00:00,Πελάτης
392,Έλεγχος Πληρωμής,2024-01-04 19:14:00,Σύστημα
392,Συλλογή Προϊόντων,2024-01-05 15:14:00,Αποθηκάριος
392,Συσκευασία,2024-01-05 15:39:00,Αποθηκάριος
392,Διόρθωση Συσκευασίας,2024-01-05 16:34:00,Επόπτης
392,Συσκευασία,2024-01-05 16:46:00,Αποθηκάριος
392,Αποστολή,2024-01-05 21:46:00,Courier
393,Υποβολή Παραγγελίας,2024-01-04 19:04:00,Πελάτης
393,Έλεγχος Πληρωμής,2024-01-04 19:19:00,Σύστημα
393,Συλλογή Προϊόντων,2024-01-05 12:19:00,Αποθηκάριος
393,Συσκευασία,2024-01-05 12:34:00,Αποθηκάριος
393,Αποστολή,2024-01-05 13:34:00,Courier
394,Υποβολή Παραγγελίας,2024-01-04 18:54:00,Πελάτης
394,Έλεγχος Πληρωμής,2024-01-04 18:58:00,Σύστημα
394,Συλλογή Προϊόντων,2024-01-05 18:58:00,Αποθηκάριος
394,Συσκευασία,2024-01-05 19:12:00,Αποθηκάριος
394,Αποστολή,2024-01-05 23:12:00,Courier
395,Υποβολή Παραγγελίας,2024-01-04 19:07:00,Πελάτης
395,Έλεγχος Πληρωμής,2024-01-04 19:10:00,Σύστημα
395,Συλλογή Προϊόντων,2024-01-04 23:10:00,Αποθηκάριος
395,Συσκευασία,2024-01-04 23:23:00,Αποθηκάριος
395,Αποστολή,2024-01-05 00:23:00,Courier
396,Υποβολή Παραγγελίας,2024-01-04 19:35:00,Πελάτης
396,Έλεγχος Πληρωμής,2024-01-04 19:41:00,Σύστημα
396,Συλλογή Προϊόντων,2024-01-05 16:41:00,Αποθηκάριος
396,Συσκευασία,2024-01-05 17:02:00,Αποθηκάριος
396,Αποστολή,2024-01-05 21:02:00,Courier
397,Υποβολή Παραγγελίας,2024-01-04 20:15:00,Πελάτης
397,Έλεγχος Πληρωμής,2024-01-04 20:25:00,Σύστημα
397,Συλλογή Προϊόντων,2024-01-05 05:25:00,Αποθηκάριος
397,Συσκευασία,2024-01-05 05:35:00,Αποθηκάριος
397,Αποστολή,2024-01-05 06:35:00,Courier
398,Υποβολή Παραγγελίας,2024-01-04 19:54:00,Πελάτης
398,Έλεγχος Πληρωμής,2024-01-04 20:06:00,Σύστημα
398,Συλλογή Προϊόντων,2024-01-05 12:06:00,Αποθηκάριος
398,Συσκευασία,2024-01-05 12:28:00,Αποθηκάριος
398,Αποστολή,2024-01-05 17:28:00,Courier
399,Υποβολή Παραγγελίας,2024-01-04 20:02:00,Πελάτης
399,Έλεγχος Πληρωμής,2024-01-04 20:15:00,Σύστημα
399,Συλλογή Προϊόντων,2024-01-05 13:15:00,Αποθηκάριος
399,Συσκευασία,2024-01-05 13:39:00,Αποθηκάριος
399,Διόρθωση Συσκευασίας,2024-01-05 14:05:00,Επόπτης
399,Συσκευασία,2024-01-05 14:18:00,Αποθηκάριος
399,Αποστολή,2024-01-05 19:18:00,Courier
400,Υποβολή Παραγγελίας,2024-01-04 20:20:00,Πελάτης
400,Έλεγχος Πληρωμής,2024-01-04 20:23:00,Σύστημα
400,Συλλογή Προϊόντων,2024-01-04 23:23:00,Αποθηκάριος
400,Συσκευασία,2024-01-04 23:46:00,Αποθηκάριος
400,Αποστολή,2024-01-05 04:46:00,Courier
401,Υποβολή Παραγγελίας,2024-01-04 21:16:00,Πελάτης
401,Έλεγχος Πληρωμής,2024-01-04 21:29:00,Σύστημα
401,Συλλογή Προϊόντων,2024-01-05 18:29:00,Αποθηκάριος
401,Συσκευασία,2024-01-05 18:55:00,Αποθηκάριος
401,Διόρθωση Συσκευασίας,2024-01-05 19:34:00,Επόπτης
401,Συσκευασία,2024-01-05 19:40:00,Αποθηκάριος
401,Αποστολή,2024-01-06 00:40:00,Courier
402,Υποβολή Παραγγελίας,2024-01-04 21:07:00,Πελάτης
402,Έλεγχος Πληρωμής,2024-01-04 21:10:00,Σύστημα
402,Ακύρωση Παραγγελίας,2024-01-04 21:21:00,Σύστημα
403,Υποβολή Παραγγελίας,2024-01-04 21:22:00,Πελάτης
403,Έλεγχος Πληρωμής,2024-01-04 21:26:00,Σύστημα
403,Συλλογή Προϊόντων,2024-01-05 07:26:00,Αποθηκάριος
403,Συσκευασία,2024-01-05 07:46:00,Αποθηκάριος
403,Αποστολή,2024-01-05 12:46:00,Courier
404,Υποβολή Παραγγελίας,2024-01-04 21:44:00,Πελάτης
404,Έλεγχος Πληρωμής,2024-01-04 21:50:00,Σύστημα
404,Συλλογή Προϊόντων,2024-01-05 04:50:00,Αποθηκάριος
404,Συσκευασία,2024-01-05 05:14:00,Αποθηκάριος
404,Αποστολή,2024-01-05 10:14:00,Courier
405,Υποβολή Παραγγελίας,2024-01-04 21:46:00,Πελάτης
405,Έλεγχος Πληρωμής,2024-01-04 21:50:00,Σύστημα
405,Συλλογή Προϊόντων,2024-01-05 09:50:00,Αποθηκάριος
405,Συσκευασία,2024-01-05 10:16:00,Αποθηκάριος
405,Αποστολή,2024-01-05 13:16:00,Courier
406,Υποβολή Παραγγελίας,2024-01-04 22:28:00,Πελάτης
406,Έλεγχος Πληρωμής,2024-01-04 22:39:00,Σύστημα
406,Συλλογή Προϊόντων,2024-01-05 14:39:00,Αποθηκάριος
406,Συσκευασία,2024-01-05 15:00:00,Αποθηκάριος
406,Αποστολή,2024-01-05 20:00:00,Courier
407,Υποβολή Παραγγελίας,2024-01-04 22:16:00,Πελάτης
407,Έλεγχος Πληρωμής,2024-01-04 22:30:00,Σύστημα
407,Συλλογή Προϊόντων,2024-01-05 21:30:00,Αποθηκάριος
407,Συσκευασία,2024-01-05 21:43:00,Αποθηκάριος
407,Αποστολή,2024-01-05 22:43:00,Courier
408,Υποβολή Παραγγελίας,2024-01-04 22:00:00,Πελάτης
408,Έλεγχος Πληρωμής,2024-01-04 22:14:00,Σύστημα
408,Συλλογή Προϊόντων,2024-01-05 01:14:00,Αποθηκάριος
408,Συσκευασία,2024-01-05 01:31:00,Αποθηκάριος
408,Αποστολή,2024-01-05 06:31:00,Courier
409,Υποβολή Παραγγελίας,2024-01-04 22:54:00,Πελάτης
409,Έλεγχος Πληρωμής,2024-01-04 22:56:00,Σύστημα
409,Ακύρωση Παραγγελίας,2024-01-04 23:50:00,Σύστημα
410,Υποβολή Παραγγελίας,2024-01-04 22:45:00,Πελάτης
410,Έλεγχος Πληρωμής,2024-01-04 22:52:00,Σύστημα
410,Συλλογή Προϊόντων,2024-01-05 02:52:00,Αποθηκάριος
410,Συσκευασία,2024-01-05 03:03:00,Αποθηκάριος
410,Αποστολή,2024-01-05 06:03:00,Courier
411,Υποβολή Παραγγελίας,2024-01-04 23:29:00,Πελάτης
411,Έλεγχος Πληρωμής,2024-01-04 23:41:00,Σύστημα
411,Ακύρωση Παραγγελίας,2024-01-05 00:00:00,Σύστημα
412,Υποβολή Παραγγελίας,2024-01-04 23:24:00,Πελάτης
412,Έλεγχος Πληρωμής,2024-01-04 23:36:00,Σύστημα
412,Συλλογή Προϊόντων,2024-01-05 09:36:00,Αποθηκάριος
412,Συσκευασία,2024-01-05 09:51:00,Αποθηκάριος
412,Διόρθωση Συσκευασίας,2024-01-05 10:44:00,Επόπτης
412,Συσκευασία,2024-01-05 10:54:00,Αποθηκάριος
412,Αποστολή,2024-01-05 14:54:00,Courier
413,Υποβολή Παραγγελίας,2024-01-04 23:44:00,Πελάτης
413,Έλεγχος Πληρωμής,2024-01-04 23:59:00,Σύστημα
413,Συλλογή Προϊόντων,2024-01-05 20:59:00,Αποθηκάριος
413,Συσκευασία,2024-01-05 21:29:00,Αποθηκάριος
413,Αποστολή,2024-01-05 23:29:00,Courier
414,Υποβολή Παραγγελίας,2024-01-04 23:56:00,Πελάτης
414,Έλεγχος Πληρωμής,2024-01-05 00:11:00,Σύστημα
414,Συλλογή Προϊόντων,2024-01-05 15:11:00,Αποθηκάριος
414,Συσκευασία,2024-01-05 15:29:00,Αποθηκάριος
414,Αποστολή,2024-01-05 18:29:00,Courier
415,Υποβολή Παραγγελίας,2024-01-04 23:49:00,Πελάτης
415,Έλεγχος Πληρωμής,2024-01-04 23:51:00,Σύστημα
415,Συλλογή Προϊόντων,2024-01-05 02:51:00,Αποθηκάριος
415,Συσκευασία,2024-01-05 03:14:00,Αποθηκάριος
415,Αποστολή,2024-01-05 08:14:00,Courier
416,Υποβολή Παραγγελίας,2024-01-04 23:18:00,Πελάτης
416,Έλεγχος Πληρωμής,2024-01-04 23:31:00,Σύστημα
416,Συλλογή Προϊόντων,2024-01-05 01:31:00,Αποθηκάριος
416,Συσκευασία,2024-01-05 01:47:00,Αποθηκάριος
416,Αποστολή,2024-01-05 03:47:00,Courier
417,Υποβολή Παραγγελίας,2024-01-05 00:07:00,Πελάτης
417,Έλεγχος Πληρωμής,2024-01-05 00:16:00,Σύστημα
417,Συλλογή Προϊόντων,2024-01-05 20:16:00,Αποθηκάριος
417,Συσκευασία,2024-01-05 20:31:00,Αποθηκάριος
417,Αποστολή,2024-01-05 21:31:00,Courier
418,Υποβολή Παραγγελίας,2024-01-04 23:33:00,Πελάτης
418,Έλεγχος Πληρωμής,2024-01-04 23:42:00,Σύστημα
418,Συλλογή Προϊόντων,2024-01-05 09:42:00,Αποθηκάριος
418,Συσκευασία,2024-01-05 10:08:00,Αποθηκάριος
418,Αποστολή,2024-01-05 12:08:00,Courier
419,Υποβολή Παραγγελίας,2024-01-05 00:36:00,Πελάτης
419,Έλεγχος Πληρωμής,2024-01-05 00:45:00,Σύστημα
419,Συλλογή Προϊόντων,2024-01-05 16:45:00,Αποθηκάριος
419,Συσκευασία,2024-01-05 16:55:00,Αποθηκάριος
419,Αποστολή,2024-01-05 21:55:00,Courier
420,Υποβολή Παραγγελίας,2024-01-05 00:36:00,Πελάτης
420,Έλεγχος Πληρωμής,2024-01-05 00:48:00,Σύστημα
420,Συλλογή Προϊόντων,2024-01-05 10:48:00,Αποθηκάριος
420,Συσκευασία,2024-01-05 10:59:00,Αποθηκάριος
420,Αποστολή,2024-01-05 13:59:00,Courier
421,Υποβολή Παραγγελίας,2024-01-05 00:08:00,Πελάτης
421,Έλεγχος Πληρωμής,2024-01-05 00:12:00,Σύστημα
421,Συλλογή Προϊόντων,2024-01-05 07:12:00,Αποθηκάριος
421,Συσκευασία,2024-01-05 07:27:00,Αποθηκάριος
421,Αποστολή,2024-01-05 08:27:00,Courier
422,Υποβολή Παραγγελίας,2024-01-05 00:43:00,Πελάτης
422,Έλεγχος Πληρωμής,2024-01-05 00:54:00,Σύστημα
422,Συλλογή Προϊόντων,2024-01-05 16:54:00,Αποθηκάριος
422,Συσκευασία,2024-01-05 17:08:00,Αποθηκάριος
422,Αποστολή,2024-01-05 21:08:00,Courier
423,Υποβολή Παραγγελίας,2024-01-05 00:51:00,Πελάτης
423,Έλεγχος Πληρωμής,2024-01-05 00:56:00,Σύστημα
423,Συλλογή Προϊόντων,2024-01-05 11:56:00,Αποθηκάριος
423,Συσκευασία,2024-01-05 12:19:00,Αποθηκάριος
423,Αποστολή,2024-01-05 15:19:00,Courier
424,Υποβολή Παραγγελίας,2024-01-05 01:25:00,Πελάτης
424,Έλεγχος Πληρωμής,2024-01-05 01:39:00,Σύστημα
424,Συλλογή Προϊόντων,2024-01-05 18:39:00,Αποθηκάριος
424,Συσκευασία,2024-01-05 18:56:00,Αποθηκάριος
424,Αποστολή,2024-01-05 23:56:00,Courier
425,Υποβολή Παραγγελίας,2024-01-05 00:48:00,Πελάτης
425,Έλεγχος Πληρωμής,2024-01-05 00:51:00,Σύστημα
425,Συλλογή Προϊόντων,2024-01-05 06:51:00,Αποθηκάριος
425,Συσκευασία,2024-01-05 07:08:00,Αποθηκάριος
425,Αποστολή,2024-01-05 10:08:00,Courier
426,Υποβολή Παραγγελίας,2024-01-05 01:22:00,Πελάτης
426,Έλεγχος Πληρωμής,2024-01-05 01:34:00,Σύστημα
426,Συλλογή Προϊόντων,2024-01-05 09:34:00,Αποθηκάριος
426,Συσκευασία,2024-01-05 09:48:00,Αποθηκάριος
426,Αποστολή,2024-01-05 12:48:00,Courier
427,Υποβολή Παραγγελίας,2024-01-05 01:49:00,Πελάτης
427,Έλεγχος Πληρωμής,2024-01-05 02:01:00,Σύστημα
427,Συλλογή Προϊόντων,2024-01-05 15:01:00,Αποθηκάριος
427,Συσκευασία,2024-01-05 15:13:00,Αποθηκάριος
427,Αποστολή,2024-01-05 16:13:00,Courier
428,Υποβολή Παραγγελίας,2024-01-05 01:31:00,Πελάτης
428,Έλεγχος Πληρωμής,2024-01-05 01:37:00,Σύστημα
428,Συλλογή Προϊόντων,2024-01-05 03:37:00,Αποθηκάριος
428,Συσκευασία,2024-01-05 03:49:00,Αποθηκάριος
428,Αποστολή,2024-01-05 07:49:00,Courier
429,Υποβολή Παραγγελίας,2024-01-05 02:09:00,Πελάτης
429,Έλεγχος Πληρωμής,2024-01-05 02:19:00,Σύστημα
429,Συλλογή Προϊόντων,2024-01-05 12:19:00,Αποθηκάριος
429,Συσκευασία,2024-01-05 12:44:00,Αποθηκάριος
429,Αποστολή,2024-01-05 17:44:00,Courier
430,Υποβολή Παραγγελίας,2024-01-05 02:07:00,Πελάτης
430,Έλεγχος Πληρωμής,2024-01-05 02:14:00,Σύστημα
430,Συλλογή Προϊόντων,2024-01-05 13:14:00,Αποθηκάριος
430,Συσκευασία,2024-01-05 13:38:00,Αποθηκάριος
430,Αποστολή,2024-01-05 17:38:00,Courier
431,Υποβολή Παραγγελίας,2024-01-05 02:38:00,Πελάτης
431,Έλεγχος Πληρωμής,2024-01-05 02:46:00,Σύστημα
431,Συλλογή Προϊόντων,2024-01-05 19:46:00,Αποθηκάριος
431,Συσκευασία,2024-01-05 20:11:00,Αποθηκάριος
431,Διόρθωση Συσκευασίας,2024-01-05 21:09:00,Επόπτης
431,Συσκευασία,2024-01-05 21:14:00,Αποθηκάριος
431,Αποστολή,2024-01-05 22:14:00,Courier
432,Υποβολή Παραγγελίας,2024-01-05 02:56:00,Πελάτης
432,Έλεγχος Πληρωμής,2024-01-05 03:11:00,Σύστημα
432,Ακύρωση Παραγγελίας,2024-01-05 03:56:00,Σύστημα
433,Υποβολή Παραγγελίας,2024-01-05 03:00:00,Πελάτης
433,Έλεγχος Πληρωμής,2024-01-05 03:09:00,Σύστημα
433,Συλλογή Προϊόντων,2024-01-05 17:09:00,Αποθηκάριος
433,Συσκευασία,2024-01-05 17:20:00,Αποθηκάριος
433,Αποστολή,2024-01-05 18:20:00,Courier
434,Υποβολή Παραγγελίας,2024-01-05 02:57:00,Πελάτης
434,Έλεγχος Πληρωμής,2024-01-05 03:10:00,Σύστημα
434,Ακύρωση Παραγγελίας,2024-01-05 03:26:00,Σύστημα
435,Υποβολή Παραγγελίας,2024-01-05 03:49:00,Πελάτης
435,Έλεγχος Πληρωμής,2024-01-05 03:55:00,Σύστημα
435,Συλλογή Προϊόντων,2024-01-05 15:55:00,Αποθηκάριος
435,Συσκευασία,2024-01-05 16:16:00,Αποθηκάριος
435,Διόρθωση Συσκευασίας,2024-01-05 16:58:00,Επόπτης
435,Συσκευασία,2024-01-05 17:08:00,Αποθηκάριος
435,Αποστολή,2024-01-05 22:08:00,Courier
436,Υποβολή Παραγγελίας,2024-01-05 03:49:00,Πελάτης
436,Έλεγχος Πληρωμής,2024-01-05 04:03:00,Σύστημα
436,Συλλογή Προϊόντων,2024-01-05 14:03:00,Αποθηκάριος
436,Συσκευασία,2024-01-05 14:20:00,Αποθηκάριος
436,Αποστολή,2024-01-05 18:20:00,Courier
437,Υποβολή Παραγγελίας,2024-01-05 04:17:00,Πελάτης
437,Έλεγχος Πληρωμής,2024-01-05 04:29:00,Σύστημα
437,Συλλογή Προϊόντων,2024-01-05 21:29:00,Αποθηκάριος
437,Συσκευασία,2024-01-05 21:48:00,Αποθηκάριος
437,Αποστολή,2024-01-06 00:48:00,Courier
438,Υποβολή Παραγγελίας,2024-01-05 04:13:00,Πελάτης
438,Έλεγχος Πληρωμής,2024-01-05 04:28:00,Σύστημα
438,Συλλογή Προϊόντων,2024-01-06 04:28:00,Αποθηκάριος
438,Συσκευασία,2024-01-06 04:45:00,Αποθηκάριος
438,Αποστολή,2024-01-06 06:45:00,Courier
439,Υποβολή Παραγγελίας,2024-01-05 04:23:00,Πελάτης
439,Έλεγχος Πληρωμής,2024-01-05 04:33:00,Σύστημα
439,Συλλογή Προϊόντων,2024-01-05 13:33:00,Αποθηκάριος
439,Συσκευασία,2024-01-05 13:50:00,Αποθηκάριος
439,Αποστολή,2024-01-05 17:50:00,Courier
440,Υποβολή Παραγγελίας,2024-01-05 04:28:00,Πελάτης
440,Έλεγχος Πληρωμής,2024-01-05 04:30:00,Σύστημα
440,Συλλογή Προϊόντων,2024-01-05 08:30:00,Αποθηκάριος
440,Συσκευασία,2024-01-05 08:50:00,Αποθηκάριος
440,Αποστολή,2024-01-05 10:50:00,Courier
441,Υποβολή Παραγγελίας,2024-01-05 04:47:00,Πελάτης
441,Έλεγχος Πληρωμής,2024-01-05 04:57:00,Σύστημα
441,Συλλογή Προϊόντων,2024-01-05 19:57:00,Αποθηκάριος
441,Συσκευασία,2024-01-05 20:15:00,Αποθηκάριος
441,Αποστολή,2024-01-05 21:15:00,Courier
442,Υποβολή Παραγγελίας,2024-01-05 04:29:00,Πελάτης
442,Έλεγχος Πληρωμής,2024-01-05 04:38:00,Σύστημα
442,Συλλογή Προϊόντων,2024-01-05 23:38:00,Αποθηκάριος
442,Συσκευασία,2024-01-06 00:03:00,Αποθηκάριος
442,Αποστολή,2024-01-06 01:03:00,Courier
443,Υποβολή Παραγγελίας,2024-01-05 05:15:00,Πελάτης
443,Έλεγχος Πληρωμής,2024-01-05 05:19:00,Σύστημα
443,Συλλογή Προϊόντων,2024-01-05 13:19:00,Αποθηκάριος
443,Συσκευασία,2024-01-05 13:31:00,Αποθηκάριος
443,Αποστολή,2024-01-05 14:31:00,Courier
444,Υποβολή Παραγγελίας,2024-01-05 04:58:00,Πελάτης
444,Έλεγχος Πληρωμής,2024-01-05 05:00:00,Σύστημα
444,Συλλογή Προϊόντων,2024-01-05 18:00:00,Αποθηκάριος
444,Συσκευασία,2024-01-05 18:13:00,Αποθηκάριος
444,Διόρθωση Συσκευασίας,2024-01-05 18:39:00,Επόπτης
444,Συσκευασία,2024-01-05 18:46:00,Αποθηκάριος
444,Αποστολή,2024-01-05 21:46:00,Courier
445,Υποβολή Παραγγελίας,2024-01-05 05:33:00,Πελάτης
445,Έλεγχος Πληρωμής,2024-01-05 05:34:00,Σύστημα
445,Συλλογή Προϊόντων,2024-01-05 20:34:00,Αποθηκάριος
445,Συσκευασία,2024-01-05 20:55:00,Αποθηκάριος
445,Διόρθωση Συσκευασίας,2024-01-05 21:32:00,Επόπτης
445,Συσκευασία,2024-01-05 21:43:00,Αποθηκάριος
445,Αποστολή,2024-01-05 22:43:00,Courier
446,Υποβολή Παραγγελίας,2024-01-05 05:30:00,Πελάτης
446,Έλεγχος Πληρωμής,2024-01-05 05:42:00,Σύστημα
446,Ακύρωση Παραγγελίας,2024-01-05 06:30:00,Σύστημα
447,Υποβολή Παραγγελίας,2024-01-05 06:08:00,Πελάτης
447,Έλεγχος Πληρωμής,2024-01-05 06:21:00,Σύστημα
447,Συλλογή Προϊόντων,2024-01-06 05:21:00,Αποθηκάριος
447,Συσκευασία,2024-01-06 05:51:00,Αποθηκάριος
447,Αποστολή,2024-01-06 07:51:00,Courier
448,Υποβολή Παραγγελίας,2024-01-05 05:54:00,Πελάτης
448,Έλεγχος Πληρωμής,2024-01-05 06:07:00,Σύστημα
448,Συλλογή Προϊόντων,2024-01-05 16:07:00,Αποθηκάριος
448,Συσκευασία,2024-01-05 16:28:00,Αποθηκάριος
448,Αποστολή,2024-01-05 20:28:00,Courier
449,Υποβολή Παραγγελίας,2024-01-05 06:32:00,Πελάτης
449,Έλεγχος Πληρωμής,2024-01-05 06:40:00,Σύστημα
449,Συλλογή Προϊόντων,2024-01-06 02:40:00,Αποθηκάριος
449,Συσκευασία,2024-01-06 03:08:00,Αποθηκάριος
449,Αποστολή,2024-01-06 07:08:00,Courier
450,Υποβολή Παραγγελίας,2024-01-05 06:02:00,Πελάτης
450,Έλεγχος Πληρωμής,2024-01-05 06:09:00,Σύστημα
450,Συλλογή Προϊόντων,2024-01-05 22:09:00,Αποθηκάριος
450,Συσκευασία,2024-01-05 22:39:00,Αποθηκάριος
450,Αποστολή,2024-01-06 00:39:00,Courier
451,Υποβολή Παραγγελίας,2024-01-05 06:38:00,Πελάτης
451,Έλεγχος Πληρωμής,2024-01-05 06:52:00,Σύστημα
451,Ακύρωση Παραγγελίας,2024-01-05 07:41:00,Σύστημα
452,Υποβολή Παραγγελίας,2024-01-05 06:29:00,Πελάτης
452,Έλεγχος Πληρωμής,2024-01-05 06:32:00,Σύστημα
452,Συλλογή Προϊόντων,2024-01-05 17:32:00,Αποθηκάριος
452,Συσκευασία,2024-01-05 17:49:00,Αποθηκάριος
452,Αποστολή,2024-01-05 19:49:00,Courier
453,Υποβολή Παραγγελίας,2024-01-05 06:27:00,Πελάτης
453,Έλεγχος Πληρωμής,2024-01-05 06:42:00,Σύστημα
453,Συλλογή Προϊόντων,2024-01-05 23:42:00,Αποθηκάριος
453,Συσκευασία,2024-01-06 00:03:00,Αποθηκάριος
453,Αποστολή,2024-01-06 04:03:00,Courier
454,Υποβολή Παραγγελίας,2024-01-05 07:20:00,Πελάτης
454,Έλεγχος Πληρωμής,2024-01-05 07:34:00,Σύστημα
454,Συλλογή Προϊόντων,2024-01-06 04:34:00,Αποθηκάριος
454,Συσκευασία,2024-01-06 04:47:00,Αποθηκάριος
454,Αποστολή,2024-01-06 09:47:00,Courier
455,Υποβολή Παραγγελίας,2024-01-05 07:01:00,Πελάτης
455,Έλεγχος Πληρωμής,2024-01-05 07:05:00,Σύστημα
455,Συλλογή Προϊόντων,2024-01-05 23:05:00,Αποθηκάριος
455,Συσκευασία,2024-01-05 23:18:00,Αποθηκάριος
455,Αποστολή,2024-01-06 03:18:00,Courier
456,Υποβολή Παραγγελίας,2024-01-05 07:33:00,Πελάτης
456,Έλεγχος Πληρωμής,2024-01-05 07:44:00,Σύστημα
456,Ακύρωση Παραγγελίας,2024-01-05 08:12:00,Σύστημα
457,Υποβολή Παραγγελίας,2024-01-05 07:39:00,Πελάτης
457,Έλεγχος Πληρωμής,2024-01-05 07:42:00,Σύστημα
457,Συλλογή Προϊόντων,2024-01-05 12:42:00,Αποθηκάριος
457,Συσκευασία,2024-01-05 13:11:00,Αποθηκάριος
457,Αποστολή,2024-01-05 18:11:00,Courier
458,Υποβολή Παραγγελίας,2024-01-05 07:46:00,Πελάτης
458,Έλεγχος Πληρωμής,2024-01-05 07:54:00,Σύστημα
458,Συλλογή Προϊόντων,2024-01-05 21:54:00,Αποθηκάριος
458,Συσκευασία,2024-01-05 22:17:00,Αποθηκάριος
458,Αποστολή,2024-01-06 01:17:00,Courier
459,Υποβολή Παραγγελίας,2024-01-05 07:42:00,Πελάτης
459,Έλεγχος Πληρωμής,2024-01-05 07:48:00,Σύστημα
459,Συλλογή Προϊόντων,2024-01-05 18:48:00,Αποθηκάριος
459,Συσκευασία,2024-01-05 19:14:00,Αποθηκάριος
459,Αποστολή,2024-01-05 21:14:00,Courier
460,Υποβολή Παραγγελίας,2024-01-05 08:38:00,Πελάτης
460,Έλεγχος Πληρωμής,2024-01-05 08:40:00,Σύστημα
460,Συλλογή Προϊόντων,2024-01-06 01:40:00,Αποθηκάριος
460,Συσκευασία,2024-01-06 02:00:00,Αποθηκάριος
460,Αποστολή,2024-01-06 06:00:00,Courier
461,Υποβολή Παραγγελίας,2024-01-05 08:38:00,Πελάτης
461,Έλεγχος Πληρωμής,2024-01-05 08:48:00,Σύστημα
461,Συλλογή Προϊόντων,2024-01-06 02:48:00,Αποθηκάριος
461,Συσκευασία,2024-01-06 03:06:00,Αποθηκάριος
461,Αποστολή,2024-01-06 08:06:00,Courier
462,Υποβολή Παραγγελίας,2024-01-05 08:53:00,Πελάτης
462,Έλεγχος Πληρωμής,2024-01-05 09:07:00,Σύστημα
462,Συλλογή Προϊόντων,2024-01-06 05:07:00,Αποθηκάριος
462,Συσκευασία,2024-01-06 05:26:00,Αποθηκάριος
462,Αποστολή,2024-01-06 08:26:00,Courier
463,Υποβολή Παραγγελίας,2024-01-05 09:04:00,Πελάτης
463,Έλεγχος Πληρωμής,2024-01-05 09:18:00,Σύστημα
463,Συλλογή Προϊόντων,2024-01-05 13:18:00,Αποθηκάριος
463,Συσκευασία,2024-01-05 13:35:00,Αποθηκάριος
463,Αποστολή,2024-01-05 18:35:00,Courier
464,Υποβολή Παραγγελίας,2024-01-05 09:14:00,Πελάτης
464,Έλεγχος Πληρωμής,2024-01-05 09:16:00,Σύστημα
464,Συλλογή Προϊόντων,2024-01-06 00:16:00,Αποθηκάριος
464,Συσκευασία,2024-01-06 00:28:00,Αποθηκάριος
464,Αποστολή,2024-01-06 02:28:00,Courier
465,Υποβολή Παραγγελίας,2024-01-05 09:42:00,Πελάτης
465,Έλεγχος Πληρωμής,2024-01-05 09:43:00,Σύστημα
465,Συλλογή Προϊόντων,2024-01-06 01:43:00,Αποθηκάριος
465,Συσκευασία,2024-01-06 02:09:00,Αποθηκάριος
465,Αποστολή,2024-01-06 07:09:00,Courier
466,Υποβολή Παραγγελίας,2024-01-05 09:50:00,Πελάτης
466,Έλεγχος Πληρωμής,2024-01-05 09:53:00,Σύστημα
466,Συλλογή Προϊόντων,2024-01-06 04:53:00,Αποθηκάριος
466,Συσκευασία,2024-01-06 05:11:00,Αποθηκάριος
466,Αποστολή,2024-01-06 06:11:00,Courier
467,Υποβολή Παραγγελίας,2024-01-05 10:08:00,Πελάτης
467,Έλεγχος Πληρωμής,2024-01-05 10:20:00,Σύστημα
467,Συλλογή Προϊόντων,2024-01-06 09:20:00,Αποθηκάριος
467,Συσκευασία,2024-01-06 09:37:00,Αποθηκάριος
467,Αποστολή,2024-01-06 12:37:00,Courier
468,Υποβολή Παραγγελίας,2024-01-05 10:08:00,Πελάτης
468,Έλεγχος Πληρωμής,2024-01-05 10:12:00,Σύστημα
468,Συλλογή Προϊόντων,2024-01-05 12:12:00,Αποθηκάριος
468,Συσκευασία,2024-01-05 12:37:00,Αποθηκάριος
468,Αποστολή,2024-01-05 14:37:00,Courier
469,Υποβολή Παραγγελίας,2024-01-05 10:16:00,Πελάτης
469,Έλεγχος Πληρωμής,2024-01-05 10:26:00,Σύστημα
469,Συλλογή Προϊόντων,2024-01-05 16:26:00,Αποθηκάριος
469,Συσκευασία,2024-01-05 16:53:00,Αποθηκάριος
469,Αποστολή,2024-01-05 18:53:00,Courier
470,Υποβολή Παραγγελίας,2024-01-05 10:04:00,Πελάτης
470,Έλεγχος Πληρωμής,2024-01-05 10:05:00,Σύστημα
470,Συλλογή Προϊόντων,2024-01-06 10:05:00,Αποθηκάριος
470,Συσκευασία,2024-01-06 10:34:00,Αποθηκάριος
470,Αποστολή,2024-01-06 11:34:00,Courier
471,Υποβολή Παραγγελίας,2024-01-05 10:39:00,Πελάτης
471,Έλεγχος Πληρωμής,2024-01-05 10:41:00,Σύστημα
471,Συλλογή Προϊόντων,2024-01-06 09:41:00,Αποθηκάριος
471,Συσκευασία,2024-01-06 10:01:00,Αποθηκάριος
471,Αποστολή,2024-01-06 11:01:00,Courier
472,Υποβολή Παραγγελίας,2024-01-05 10:55:00,Πελάτης
472,Έλεγχος Πληρωμής,2024-01-05 10:58:00,Σύστημα
472,Συλλογή Προϊόντων,2024-01-05 22:58:00,Αποθηκάριος
472,Συσκευασία,2024-01-05 23:11:00,Αποθηκάριος
472,Αποστολή,2024-01-06 02:11:00,Courier
473,Υποβολή Παραγγελίας,2024-01-05 11:20:00,Πελάτης
473,Έλεγχος Πληρωμής,2024-01-05 11:22:00,Σύστημα
473,Συλλογή Προϊόντων,2024-01-06 06:22:00,Αποθηκάριος
473,Συσκευασία,2024-01-06 06:39:00,Αποθηκάριος
473,Αποστολή,2024-01-06 08:39:00,Courier
474,Υποβολή Παραγγελίας,2024-01-05 11:26:00,Πελάτης
474,Έλεγχος Πληρωμής,2024-01-05 11:31:00,Σύστημα
474,Συλλογή Προϊόντων,2024-01-05 15:31:00,Αποθηκάριος
474,Συσκευασία,2024-01-05 16:00:00,Αποθηκάριος
474,Αποστολή,2024-01-05 17:00:00,Courier
475,Υποβολή Παραγγελίας,2024-01-05 11:17:00,Πελάτης
475,Έλεγχος Πληρωμής,2024-01-05 11:21:00,Σύστημα
475,Συλλογή Προϊόντων,2024-01-06 01:21:00,Αποθηκάριος
475,Συσκευασία,2024-01-06 01:37:00,Αποθηκάριος
475,Αποστολή,2024-01-06 03:37:00,Courier
476,Υποβολή Παραγγελίας,2024-01-05 11:15:00,Πελάτης
476,Έλεγχος Πληρωμής,2024-01-05 11:23:00,Σύστημα
476,Συλλογή Προϊόντων,2024-01-05 15:23:00,Αποθηκάριος
476,Συσκευασία,2024-01-05 15:48:00,Αποθηκάριος
476,Αποστολή,2024-01-05 20:48:00,Courier
477,Υποβολή Παραγγελίας,2024-01-05 11:30:00,Πελάτης
477,Έλεγχος Πληρωμής,2024-01-05 11:40:00,Σύστημα
477,Συλλογή Προϊόντων,2024-01-06 03:40:00,Αποθηκάριος
477,Συσκευασία,2024-01-06 03:58:00,Αποθηκάριος
477,Αποστολή,2024-01-06 07:58:00,Courier
478,Υποβολή Παραγγελίας,2024-01-05 12:22:00,Πελάτης
478,Έλεγχος Πληρωμής,2024-01-05 12:29:00,Σύστημα
478,Συλλογή Προϊόντων,2024-01-06 05:29:00,Αποθηκάριος
478,Συσκευασία,2024-01-06 05:45:00,Αποθηκάριος
478,Αποστολή,2024-01-06 06:45:00,Courier
479,Υποβολή Παραγγελίας,2024-01-05 12:32:00,Πελάτης
479,Έλεγχος Πληρωμής,2024-01-05 12:33:00,Σύστημα
479,Συλλογή Προϊόντων,2024-01-06 08:33:00,Αποθηκάριος
479,Συσκευασία,2024-01-06 08:43:00,Αποθηκάριος
479,Διόρθωση Συσκευασίας,2024-01-06 09:12:00,Επόπτης
479,Συσκευασία,2024-01-06 09:21:00,Αποθηκάριος
479,Αποστολή,2024-01-06 10:21:00,Courier
480,Υποβολή Παραγγελίας,2024-01-05 12:29:00,Πελάτης
480,Έλεγχος Πληρωμής,2024-01-05 12:33:00,Σύστημα
480,Συλλογή Προϊόντων,2024-01-06 00:33:00,Αποθηκάριος
480,Συσκευασία,2024-01-06 00:50:00,Αποθηκάριος
480,Αποστολή,2024-01-06 03:50:00,Courier
481,Υποβολή Παραγγελίας,2024-01-05 12:17:00,Πελάτης
481,Έλεγχος Πληρωμής,2024-01-05 12:31:00,Σύστημα
481,Συλλογή Προϊόντων,2024-01-06 01:31:00,Αποθηκάριος
481,Συσκευασία,2024-01-06 01:45:00,Αποθηκάριος
481,Αποστολή,2024-01-06 03:45:00,Courier
482,Υποβολή Παραγγελίας,2024-01-05 13:09:00,Πελάτης
482,Έλεγχος Πληρωμής,2024-01-05 13:24:00,Σύστημα
482,Συλλογή Προϊόντων,2024-01-06 04:24:00,Αποθηκάριος
482,Συσκευασία,2024-01-06 04:34:00,Αποθηκάριος
482,Αποστολή,2024-01-06 09:34:00,Courier
483,Υποβολή Παραγγελίας,2024-01-05 12:53:00,Πελάτης
483,Έλεγχος Πληρωμής,2024-01-05 12:58:00,Σύστημα
483,Συλλογή Προϊόντων,2024-01-06 02:58:00,Αποθηκάριος
483,Συσκευασία,2024-01-06 03:11:00,Αποθηκάριος
483,Διόρθωση Συσκευασίας,2024-01-06 03:45:00,Επόπτης
483,Συσκευασία,2024-01-06 03:53:00,Αποθηκάριος
483,Αποστολή,2024-01-06 06:53:00,Courier
484,Υποβολή Παραγγελίας,2024-01-05 13:33:00,Πελάτης
484,Έλεγχος Πληρωμής,2024-01-05 13:48:00,Σύστημα
484,Συλλογή Προϊόντων,2024-01-05 22:48:00,Αποθηκάριος
484,Συσκευασία,2024-01-05 23:04:00,Αποθηκάριος
484,Αποστολή,2024-01-06 01:04:00,Courier
485,Υποβολή Παραγγελίας,2024-01-05 13:44:00,Πελάτης
485,Έλεγχος Πληρωμής,2024-01-05 13:46:00,Σύστημα
485,Συλλογή Προϊόντων,2024-01-05 17:46:00,Αποθηκάριος
485,Συσκευασία,2024-01-05 17:59:00,Αποθηκάριος
485,Διόρθωση Συσκευασίας,2024-01-05 18:34:00,Επόπτης
485,Συσκευασία,2024-01-05 18:44:00,Αποθηκάριος
485,Αποστολή,2024-01-05 22:44:00,Courier
486,Υποβολή Παραγγελίας,2024-01-05 14:01:00,Πελάτης
486,Έλεγχος Πληρωμής,2024-01-05 14:13:00,Σύστημα
486,Συλλογή Προϊόντων,2024-01-06 03:13:00,Αποθηκάριος
486,Συσκευασία,2024-01-06 03:31:00,Αποθηκάριος
486,Διόρθωση Συσκευασίας,2024-01-06 04:21:00,Επόπτης
486,Συσκευασία,2024-01-06 04:30:00,Αποθηκάριος
486,Αποστολή,2024-01-06 05:30:00,Courier
487,Υποβολή Παραγγελίας,2024-01-05 13:28:00,Πελάτης
487,Έλεγχος Πληρωμής,2024-01-05 13:30:00,Σύστημα
487,Συλλογή Προϊόντων,2024-01-06 07:30:00,Αποθηκάριος
487,Συσκευασία,2024-01-06 07:52:00,Αποθηκάριος
487,Αποστολή,2024-01-06 11:52:00,Courier
488,Υποβολή Παραγγελίας,2024-01-05 14:22:00,Πελάτης
488,Έλεγχος Πληρωμής,2024-01-05 14:29:00,Σύστημα
488,Συλλογή Προϊόντων,2024-01-06 04:29:00,Αποθηκάριος
488,Συσκευασία,2024-01-06 04:41:00,Αποθηκάριος
488,Αποστολή,2024-01-06 05:41:00,Courier
489,Υποβολή Παραγγελίας,2024-01-05 14:23:00,Πελάτης
489,Έλεγχος Πληρωμής,2024-01-05 14:29:00,Σύστημα
489,Συλλογή Προϊόντων,2024-01-06 07:29:00,Αποθηκάριος
489,Συσκευασία,2024-01-06 07:52:00,Αποθηκάριος
489,Αποστολή,2024-01-06 12:52:00,Courier
490,Υποβολή Παραγγελίας,2024-01-05 14:42:00,Πελάτης
490,Έλεγχος Πληρωμής,2024-01-05 14:54:00,Σύστημα
490,Συλλογή Προϊόντων,2024-01-05 23:54:00,Αποθηκάριος
490,Συσκευασία,2024-01-06 00:06:00,Αποθηκάριος
490,Αποστολή,2024-01-06 05:06:00,Courier
491,Υποβολή Παραγγελίας,2024-01-05 14:34:00,Πελάτης
491,Έλεγχος Πληρωμής,2024-01-05 14:44:00,Σύστημα
491,Συλλογή Προϊόντων,2024-01-06 06:44:00,Αποθηκάριος
491,Συσκευασία,2024-01-06 07:09:00,Αποθηκάριος
491,Αποστολή,2024-01-06 08:09:00,Courier
492,Υποβολή Παραγγελίας,2024-01-05 14:29:00,Πελάτης
492,Έλεγχος Πληρωμής,2024-01-05 14:32:00,Σύστημα
492,Συλλογή Προϊόντων,2024-01-06 04:32:00,Αποθηκάριος
492,Συσκευασία,2024-01-06 04:53:00,Αποθηκάριος
492,Αποστολή,2024-01-06 09:53:00,Courier
493,Υποβολή Παραγγελίας,2024-01-05 15:13:00,Πελάτης
493,Έλεγχος Πληρωμής,2024-01-05 15:21:00,Σύστημα
493,Συλλογή Προϊόντων,2024-01-06 05:21:00,Αποθηκάριος
493,Συσκευασία,2024-01-06 05:42:00,Αποθηκάριος
493,Διόρθωση Συσκευασίας,2024-01-06 06:21:00,Επόπτης
493,Συσκευασία,2024-01-06 06:27:00,Αποθηκάριος
493,Αποστολή,2024-01-06 10:27:00,Courier
494,Υποβολή Παραγγελίας,2024-01-05 15:26:00,Πελάτης
494,Έλεγχος Πληρωμής,2024-01-05 15:28:00,Σύστημα
494,Συλλογή Προϊόντων,2024-01-06 07:28:00,Αποθηκάριος
494,Συσκευασία,2024-01-06 07:52:00,Αποθηκάριος
494,Διόρθωση Συσκευασίας,2024-01-06 08:19:00,Επόπτης
494,Συσκευασία,2024-01-06 08:29:00,Αποθηκάριος
494,Αποστολή,2024-01-06 13:29:00,Courier
495,Υποβολή Παραγγελίας,2024-01-05 15:45:00,Πελάτης
495,Έλεγχος Πληρωμής,2024-01-05 15:54:00,Σύστημα
495,Συλλογή Προϊόντων,2024-01-05 17:54:00,Αποθηκάριος
495,Συσκευασία,2024-01-05 18:22:00,Αποθηκάριος
495,Αποστολή,2024-01-05 22:22:00,Courier
496,Υποβολή Παραγγελίας,2024-01-05 15:24:00,Πελάτης
496,Έλεγχος Πληρωμής,2024-01-05 15:38:00,Σύστημα
496,Συλλογή Προϊόντων,2024-01-05 23:38:00,Αποθηκάριος
496,Συσκευασία,2024-01-05 23:55:00,Αποθηκάριος
496,Αποστολή,2024-01-06 04:55:00,Courier
497,Υποβολή Παραγγελίας,2024-01-05 16:11:00,Πελάτης
497,Έλεγχος Πληρωμής,2024-01-05 16:24:00,Σύστημα
497,Συλλογή Προϊόντων,2024-01-06 07:24:00,Αποθηκάριος
497,Συσκευασία,2024-01-06 07:50:00,Αποθηκάριος
497,Αποστολή,2024-01-06 09:50:00,Courier
498,Υποβολή Παραγγελίας,2024-01-05 16:26:00,Πελάτης
498,Έλεγχος Πληρωμής,2024-01-05 16:32:00,Σύστημα
498,Συλλογή Προϊόντων,2024-01-06 03:32:00,Αποθηκάριος
498,Συσκευασία,2024-01-06 04:01:00,Αποθηκάριος
498,Αποστολή,2024-01-06 08:01:00,Courier
499,Υποβολή Παραγγελίας,2024-01-05 16:08:00,Πελάτης
499,Έλεγχος Πληρωμής,2024-01-05 16:14:00,Σύστημα
499,Συλλογή Προϊόντων,2024-01-05 20:14:00,Αποθηκάριος
499,Συσκευασία,2024-01-05 20:39:00,Αποθηκάριος
499,Αποστολή,2024-01-06 00:39:00,Courier
500,Υποβολή Παραγγελίας,2024-01-05 16:36:00,Πελάτης
500,Έλεγχος Πληρωμής,2024-01-05 16:41:00,Σύστημα
500,Συλλογή Προϊόντων,2024-01-05 21:41:00,Αποθηκάριος
500,Συσκευασία,2024-01-05 21:56:00,Αποθηκάριος
500,Αποστολή,2024-01-05 22:56:00,Courier
501,Υποβολή Παραγγελίας,2024-01-05 17:01:00,Πελάτης
501,Έλεγχος Πληρωμής,2024-01-05 17:05:00,Σύστημα
501,Ακύρωση Παραγγελίας,2024-01-05 17:54:00,Σύστημα
502,Υποβολή Παραγγελίας,2024-01-05 17:23:00,Πελάτης
502,Έλεγχος Πληρωμής,2024-01-05 17:24:00,Σύστημα
502,Συλλογή Προϊόντων,2024-01-05 21:24:00,Αποθηκάριος
502,Συσκευασία,2024-01-05 21:49:00,Αποθηκάριος
502,Αποστολή,2024-01-05 23:49:00,Courier
503,Υποβολή Παραγγελίας,2024-01-05 17:07:00,Πελάτης
503,Έλεγχος Πληρωμής,2024-01-05 17:08:00,Σύστημα
503,Συλλογή Προϊόντων,2024-01-05 22:08:00,Αποθηκάριος
503,Συσκευασία,2024-01-05 22:26:00,Αποθηκάριος
503,Αποστολή,2024-01-05 23:26:00,Courier
504,Υποβολή Παραγγελίας,2024-01-05 17:55:00,Πελάτης
504,Έλεγχος Πληρωμής,2024-01-05 18:01:00,Σύστημα
504,Ακύρωση Παραγγελίας,2024-01-05 18:23:00,Σύστημα
505,Υποβολή Παραγγελίας,2024-01-05 17:46:00,Πελάτης
505,Έλεγχος Πληρωμής,2024-01-05 17:47:00,Σύστημα
505,Συλλογή Προϊόντων,2024-01-06 04:47:00,Αποθηκάριος
505,Συσκευασία,2024-01-06 05:12:00,Αποθηκάριος
505,Αποστολή,2024-01-06 09:12:00,Courier
506,Υποβολή Παραγγελίας,2024-01-05 17:38:00,Πελάτης
506,Έλεγχος Πληρωμής,2024-01-05 17:47:00,Σύστημα
506,Συλλογή Προϊόντων,2024-01-06 04:47:00,Αποθηκάριος
506,Συσκευασία,2024-01-06 05:13:00,Αποθηκάριος
506,Αποστολή,2024-01-06 10:13:00,Courier
507,Υποβολή Παραγγελίας,2024-01-05 17:48:00,Πελάτης
507,Έλεγχος Πληρωμής,2024-01-05 18:00:00,Σύστημα
507,Συλλογή Προϊόντων,2024-01-06 15:00:00,Αποθηκάριος
507,Συσκευασία,2024-01-06 15:22:00,Αποθηκάριος
507,Αποστολή,2024-01-06 16:22:00,Courier
508,Υποβολή Παραγγελίας,2024-01-05 18:14:00,Πελάτης
508,Έλεγχος Πληρωμής,2024-01-05 18:21:00,Σύστημα
508,Ακύρωση Παραγγελίας,2024-01-05 18:44:00,Σύστημα
509,Υποβολή Παραγγελίας,2024-01-05 18:21:00,Πελάτης
509,Έλεγχος Πληρωμής,2024-01-05 18:34:00,Σύστημα
509,Συλλογή Προϊόντων,2024-01-06 15:34:00,Αποθηκάριος
509,Συσκευασία,2024-01-06 15:51:00,Αποθηκάριος
509,Αποστολή,2024-01-06 19:51:00,Courier
510,Υποβολή Παραγγελίας,2024-01-05 18:12:00,Πελάτης
510,Έλεγχος Πληρωμής,2024-01-05 18:27:00,Σύστημα
510,Συλλογή Προϊόντων,2024-01-06 08:27:00,Αποθηκάριος
510,Συσκευασία,2024-01-06 08:48:00,Αποθηκάριος
510,Διόρθωση Συσκευασίας,2024-01-06 09:17:00,Επόπτης
510,Συσκευασία,2024-01-06 09:27:00,Αποθηκάριος
510,Αποστολή,2024-01-06 10:27:00,Courier
511,Υποβολή Παραγγελίας,2024-01-05 18:58:00,Πελάτης
511,Έλεγχος Πληρωμής,2024-01-05 19:04:00,Σύστημα
511,Συλλογή Προϊόντων,2024-01-06 14:04:00,Αποθηκάριος
511,Συσκευασία,2024-01-06 14:28:00,Αποθηκάριος
511,Αποστολή,2024-01-06 17:28:00,Courier
512,Υποβολή Παραγγελίας,2024-01-05 18:53:00,Πελάτης
512,Έλεγχος Πληρωμής,2024-01-05 19:02:00,Σύστημα
512,Συλλογή Προϊόντων,2024-01-06 07:02:00,Αποθηκάριος
512,Συσκευασία,2024-01-06 07:23:00,Αποθηκάριος
512,Αποστολή,2024-01-06 08:23:00,Courier
513,Υποβολή Παραγγελίας,2024-01-05 19:12:00,Πελάτης
513,Έλεγχος Πληρωμής,2024-01-05 19:15:00,Σύστημα
513,Συλλογή Προϊόντων,2024-01-06 18:15:00,Αποθηκάριος
513,Συσκευασία,2024-01-06 18:34:00,Αποθηκάριος
513,Αποστολή,2024-01-06 22:34:00,Courier
514,Υποβολή Παραγγελίας,2024-01-05 19:29:00,Πελάτης
514,Έλεγχος Πληρωμής,2024-01-05 19:44:00,Σύστημα
514,Ακύρωση Παραγγελίας,2024-01-05 20:35:00,Σύστημα
515,Υποβολή Παραγγελίας,2024-01-05 20:02:00,Πελάτης
515,Έλεγχος Πληρωμής,2024-01-05 20:11:00,Σύστημα
515,Ακύρωση Παραγγελίας,2024-01-05 21:11:00,Σύστημα
516,Υποβολή Παραγγελίας,2024-01-05 19:47:00,Πελάτης
516,Έλεγχος Πληρωμής,2024-01-05 20:02:00,Σύστημα
516,Συλλογή Προϊόντων,2024-01-06 07:02:00,Αποθηκάριος
516,Συσκευασία,2024-01-06 07:17:00,Αποθηκάριος
516,Αποστολή,2024-01-06 08:17:00,Courier
517,Υποβολή Παραγγελίας,2024-01-05 20:06:00,Πελάτης
517,Έλεγχος Πληρωμής,2024-01-05 20:15:00,Σύστημα
517,Συλλογή Προϊόντων,2024-01-06 09:15:00,Αποθηκάριος
517,Συσκευασία,2024-01-06 09:29:00,Αποθηκάριος
517,Αποστολή,2024-01-06 10:29:00,Courier
518,Υποβολή Παραγγελίας,2024-01-05 20:25:00,Πελάτης
518,Έλεγχος Πληρωμής,2024-01-05 20:27:00,Σύστημα
518,Συλλογή Προϊόντων,2024-01-06 03:27:00,Αποθηκάριος
518,Συσκευασία,2024-01-06 03:37:00,Αποθηκάριος
518,Αποστολή,2024-01-06 05:37:00,Courier
519,Υποβολή Παραγγελίας,2024-01-05 21:19:00,Πελάτης
519,Έλεγχος Πληρωμής,2024-01-05 21:34:00,Σύστημα
519,Συλλογή Προϊόντων,2024-01-06 00:34:00,Αποθηκάριος
519,Συσκευασία,2024-01-06 00:49:00,Αποθηκάριος
519,Αποστολή,2024-01-06 03:49:00,Courier
520,Υποβολή Παραγγελίας,2024-01-05 20:46:00,Πελάτης
520,Έλεγχος Πληρωμής,2024-01-05 20:50:00,Σύστημα
520,Ακύρωση Παραγγελίας,2024-01-05 21:43:00,Σύστημα
521,Υποβολή Παραγγελίας,2024-01-05 21:10:00,Πελάτης
521,Έλεγχος Πληρωμής,2024-01-05 21:11:00,Σύστημα
521,Συλλογή Προϊόντων,2024-01-06 20:11:00,Αποθηκάριος
521,Συσκευασία,2024-01-06 20:33:00,Αποθηκάριος
521,Αποστολή,2024-01-07 01:33:00,Courier
522,Υποβολή Παραγγελίας,2024-01-05 21:17:00,Πελάτης
522,Έλεγχος Πληρωμής,2024-01-05 21:32:00,Σύστημα
522,Συλλογή Προϊόντων,2024-01-06 20:32:00,Αποθηκάριος
522,Συσκευασία,2024-01-06 20:55:00,Αποθηκάριος
522,Αποστολή,2024-01-06 22:55:00,Courier
523,Υποβολή Παραγγελίας,2024-01-05 21:01:00,Πελάτης
523,Έλεγχος Πληρωμής,2024-01-05 21:03:00,Σύστημα
523,Ακύρωση Παραγγελίας,2024-01-05 21:27:00,Σύστημα
524,Υποβολή Παραγγελίας,2024-01-05 21:31:00,Πελάτης
524,Έλεγχος Πληρωμής,2024-01-05 21:35:00,Σύστημα
524,Συλλογή Προϊόντων,2024-01-06 00:35:00,Αποθηκάριος
524,Συσκευασία,2024-01-06 00:45:00,Αποθηκάριος
524,Αποστολή,2024-01-06 04:45:00,Courier
525,Υποβολή Παραγγελίας,2024-01-05 22:19:00,Πελάτης
525,Έλεγχος Πληρωμής,2024-01-05 22:21:00,Σύστημα
525,Συλλογή Προϊόντων,2024-01-06 03:21:00,Αποθηκάριος
525,Συσκευασία,2024-01-06 03:51:00,Αποθηκάριος
525,Αποστολή,2024-01-06 07:51:00,Courier
526,Υποβολή Παραγγελίας,2024-01-05 21:44:00,Πελάτης
526,Έλεγχος Πληρωμής,2024-01-05 21:50:00,Σύστημα
526,Συλλογή Προϊόντων,2024-01-06 07:50:00,Αποθηκάριος
526,Συσκευασία,2024-01-06 08:14:00,Αποθηκάριος
526,Αποστολή,2024-01-06 09:14:00,Courier
527,Υποβολή Παραγγελίας,2024-01-05 22:09:00,Πελάτης
527,Έλεγχος Πληρωμής,2024-01-05 22:12:00,Σύστημα
527,Συλλογή Προϊόντων,2024-01-06 09:12:00,Αποθηκάριος
527,Συσκευασία,2024-01-06 09:27:00,Αποθηκάριος
527,Αποστολή,2024-01-06 12:27:00,Courier
528,Υποβολή Παραγγελίας,2024-01-05 22:13:00,Πελάτης
528,Έλεγχος Πληρωμής,2024-01-05 22:18:00,Σύστημα
528,Συλλογή Προϊόντων,2024-01-06 12:18:00,Αποθηκάριος
528,Συσκευασία,2024-01-06 12:29:00,Αποθηκάριος
528,Αποστολή,2024-01-06 13:29:00,Courier
529,Υποβολή Παραγγελίας,2024-01-05 22:21:00,Πελάτης
529,Έλεγχος Πληρωμής,2024-01-05 22:32:00,Σύστημα
529,Συλλογή Προϊόντων,2024-01-06 09:32:00,Αποθηκάριος
529,Συσκευασία,2024-01-06 09:45:00,Αποθηκάριος
529,Διόρθωση Συσκευασίας,2024-01-06 10:28:00,Επόπτης
529,Συσκευασία,2024-01-06 10:35:00,Αποθηκάριος
529,Αποστολή,2024-01-06 15:35:00,Courier
530,Υποβολή Παραγγελίας,2024-01-05 22:58:00,Πελάτης
530,Έλεγχος Πληρωμής,2024-01-05 23:08:00,Σύστημα
530,Συλλογή Προϊόντων,2024-01-06 14:08:00,Αποθηκάριος
530,Συσκευασία,2024-01-06 14:28:00,Αποθηκάριος
530,Αποστολή,2024-01-06 16:28:00,Courier
531,Υποβολή Παραγγελίας,2024-01-05 23:02:00,Πελάτης
531,Έλεγχος Πληρωμής,2024-01-05 23:04:00,Σύστημα
531,Συλλογή Προϊόντων,2024-01-06 01:04:00,Αποθηκάριος
531,Συσκευασία,2024-01-06 01:34:00,Αποθηκάριος
531,Αποστολή,2024-01-06 02:34:00,Courier
532,Υποβολή Παραγγελίας,2024-01-05 23:44:00,Πελάτης
532,Έλεγχος Πληρωμής,2024-01-05 23:52:00,Σύστημα
532,Συλλογή Προϊόντων,2024-01-06 12:52:00,Αποθηκάριος
532,Συσκευασία,2024-01-06 13:09:00,Αποθηκάριος
532,Αποστολή,2024-01-06 15:09:00,Courier
533,Υποβολή Παραγγελίας,2024-01-05 23:31:00,Πελάτης
533,Έλεγχος Πληρωμής,2024-01-05 23:42:00,Σύστημα
533,Συλλογή Προϊόντων,2024-01-06 23:42:00,Αποθηκάριος
533,Συσκευασία,2024-01-07 00:05:00,Αποθηκάριος
533,Αποστολή,2024-01-07 05:05:00,Courier
534,Υποβολή Παραγγελίας,2024-01-05 23:26:00,Πελάτης
534,Έλεγχος Πληρωμής,2024-01-05 23:40:00,Σύστημα
534,Συλλογή Προϊόντων,2024-01-06 21:40:00,Αποθηκάριος
534,Συσκευασία,2024-01-06 22:05:00,Αποθηκάριος
534,Αποστολή,2024-01-07 00:05:00,Courier
535,Υποβολή Παραγγελίας,2024-01-05 23:32:00,Πελάτης
535,Έλεγχος Πληρωμής,2024-01-05 23:34:00,Σύστημα
535,Συλλογή Προϊόντων,2024-01-06 04:34:00,Αποθηκάριος
535,Συσκευασία,2024-01-06 04:57:00,Αποθηκάριος
535,Αποστολή,2024-01-06 09:57:00,Courier
536,Υποβολή Παραγγελίας,2024-01-05 23:54:00,Πελάτης
536,Έλεγχος Πληρωμής,2024-01-05 23:58:00,Σύστημα
536,Συλλογή Προϊόντων,2024-01-06 03:58:00,Αποθηκάριος
536,Συσκευασία,2024-01-06 04:27:00,Αποθηκάριος
536,Αποστολή,2024-01-06 08:27:00,Courier
537,Υποβολή Παραγγελίας,2024-01-06 00:10:00,Πελάτης
537,Έλεγχος Πληρωμής,2024-01-06 00:19:00,Σύστημα
537,Συλλογή Προϊόντων,2024-01-06 16:19:00,Αποθηκάριος
537,Συσκευασία,2024-01-06 16:43:00,Αποθηκάριος
537,Αποστολή,2024-01-06 21:43:00,Courier
538,Υποβολή Παραγγελίας,2024-01-06 00:02:00,Πελάτης
538,Έλεγχος Πληρωμής,2024-01-06 00:14:00,Σύστημα
538,Συλλογή Προϊόντων,2024-01-06 22:14:00,Αποθηκάριος
538,Συσκευασία,2024-01-06 22:44:00,Αποθηκάριος
538,Αποστολή,2024-01-07 00:44:00,Courier
539,Υποβολή Παραγγελίας,2024-01-06 00:33:00,Πελάτης
539,Έλεγχος Πληρωμής,2024-01-06 00:45:00,Σύστημα
539,Συλλογή Προϊόντων,2024-01-06 08:45:00,Αποθηκάριος
539,Συσκευασία,2024-01-06 08:58:00,Αποθηκάριος
539,Αποστολή,2024-01-06 13:58:00,Courier
540,Υποβολή Παραγγελίας,2024-01-06 01:19:00,Πελάτης
540,Έλεγχος Πληρωμής,2024-01-06 01:22:00,Σύστημα
540,Συλλογή Προϊόντων,2024-01-06 13:22:00,Αποθηκάριος
540,Συσκευασία,2024-01-06 13:46:00,Αποθηκάριος
540,Αποστολή,2024-01-06 14:46:00,Courier
541,Υποβολή Παραγγελίας,2024-01-06 00:46:00,Πελάτης
541,Έλεγχος Πληρωμής,2024-01-06 00:48:00,Σύστημα
541,Ακύρωση Παραγγελίας,2024-01-06 01:21:00,Σύστημα
542,Υποβολή Παραγγελίας,2024-01-06 01:02:00,Πελάτης
542,Έλεγχος Πληρωμής,2024-01-06 01:08:00,Σύστημα
542,Συλλογή Προϊόντων,2024-01-06 18:08:00,Αποθηκάριος
542,Συσκευασία,2024-01-06 18:28:00,Αποθηκάριος
542,Αποστολή,2024-01-06 19:28:00,Courier
543,Υποβολή Παραγγελίας,2024-01-06 01:25:00,Πελάτης
543,Έλεγχος Πληρωμής,2024-01-06 01:29:00,Σύστημα
543,Συλλογή Προϊόντων,2024-01-06 15:29:00,Αποθηκάριος
543,Συσκευασία,2024-01-06 15:42:00,Αποθηκάριος
543,Αποστολή,2024-01-06 19:42:00,Courier
544,Υποβολή Παραγγελίας,2024-01-06 01:39:00,Πελάτης
544,Έλεγχος Πληρωμής,2024-01-06 01:46:00,Σύστημα
544,Συλλογή Προϊόντων,2024-01-06 10:46:00,Αποθηκάριος
544,Συσκευασία,2024-01-06 11:04:00,Αποθηκάριος
544,Αποστολή,2024-01-06 16:04:00,Courier
545,Υποβολή Παραγγελίας,2024-01-06 01:42:00,Πελάτης
545,Έλεγχος Πληρωμής,2024-01-06 01:44:00,Σύστημα
545,Συλλογή Προϊόντων,2024-01-06 22:44:00,Αποθηκάριος
545,Συσκευασία,2024-01-06 22:56:00,Αποθηκάριος
545,Αποστολή,2024-01-06 23:56:00,Courier
546,Υποβολή Παραγγελίας,2024-01-06 02:50:00,Πελάτης
546,Έλεγχος Πληρωμής,2024-01-06 02:53:00,Σύστημα
546,Συλλογή Προϊόντων,2024-01-06 10:53:00,Αποθηκάριος
546,Συσκευασία,2024-01-06 11:05:00,Αποθηκάριος
546,Αποστολή,2024-01-06 15:05:00,Courier
547,Υποβολή Παραγγελίας,2024-01-06 02:57:00,Πελάτης
547,Έλεγχος Πληρωμής,2024-01-06 03:11:00,Σύστημα
547,Συλλογή Προϊόντων,2024-01-06 11:11:00,Αποθηκάριος
547,Συσκευασία,2024-01-06 11:23:00,Αποθηκάριος
547,Αποστολή,2024-01-06 16:23:00,Courier
548,Υποβολή Παραγγελίας,2024-01-06 02:53:00,Πελάτης
548,Έλεγχος Πληρωμής,2024-01-06 03:03:00,Σύστημα
548,Συλλογή Προϊόντων,2024-01-06 08:03:00,Αποθηκάριος
548,Συσκευασία,2024-01-06 08:22:00,Αποθηκάριος
548,Αποστολή,2024-01-06 11:22:00,Courier
549,Υποβολή Παραγγελίας,2024-01-06 03:15:00,Πελάτης
549,Έλεγχος Πληρωμής,2024-01-06 03:28:00,Σύστημα
549,Συλλογή Προϊόντων,2024-01-06 09:28:00,Αποθηκάριος
549,Συσκευασία,2024-01-06 09:47:00,Αποθηκάριος
549,Αποστολή,2024-01-06 13:47:00,Courier
550,Υποβολή Παραγγελίας,2024-01-06 03:09:00,Πελάτης
550,Έλεγχος Πληρωμής,2024-01-06 03:15:00,Σύστημα
550,Ακύρωση Παραγγελίας,2024-01-06 03:56:00,Σύστημα
551,Υποβολή Παραγγελίας,2024-01-06 02:58:00,Πελάτης
551,Έλεγχος Πληρωμής,2024-01-06 03:09:00,Σύστημα
551,Συλλογή Προϊόντων,2024-01-06 14:09:00,Αποθηκάριος
551,Συσκευασία,2024-01-06 14:21:00,Αποθηκάριος
551,Διόρθωση Συσκευασίας,2024-01-06 14:39:00,Επόπτης
551,Συσκευασία,2024-01-06 14:48:00,Αποθηκάριος
551,Αποστολή,2024-01-06 19:48:00,Courier
552,Υποβολή Παραγγελίας,2024-01-06 03:29:00,Πελάτης
552,Έλεγχος Πληρωμής,2024-01-06 03:37:00,Σύστημα
552,Συλλογή Προϊόντων,2024-01-06 07:37:00,Αποθηκάριος
552,Συσκευασία,2024-01-06 07:55:00,Αποθηκάριος
552,Αποστολή,2024-01-06 10:55:00,Courier
553,Υποβολή Παραγγελίας,2024-01-06 03:28:00,Πελάτης
553,Έλεγχος Πληρωμής,2024-01-06 03:40:00,Σύστημα
553,Ακύρωση Παραγγελίας,2024-01-06 03:51:00,Σύστημα
554,Υποβολή Παραγγελίας,2024-01-06 04:00:00,Πελάτης
554,Έλεγχος Πληρωμής,2024-01-06 04:02:00,Σύστημα
554,Συλλογή Προϊόντων,2024-01-07 03:02:00,Αποθηκάριος
554,Συσκευασία,2024-01-07 03:12:00,Αποθηκάριος
554,Αποστολή,2024-01-07 05:12:00,Courier
555,Υποβολή Παραγγελίας,2024-01-06 04:11:00,Πελάτης
555,Έλεγχος Πληρωμής,2024-01-06 04:20:00,Σύστημα
555,Συλλογή Προϊόντων,2024-01-06 16:20:00,Αποθηκάριος
555,Συσκευασία,2024-01-06 16:36:00,Αποθηκάριος
555,Αποστολή,2024-01-06 19:36:00,Courier
556,Υποβολή Παραγγελίας,2024-01-06 04:11:00,Πελάτης
556,Έλεγχος Πληρωμής,2024-01-06 04:13:00,Σύστημα
556,Ακύρωση Παραγγελίας,2024-01-06 04:42:00,Σύστημα
557,Υποβολή Παραγγελίας,2024-01-06 03:52:00,Πελάτης
557,Έλεγχος Πληρωμής,2024-01-06 04:03:00,Σύστημα
557,Συλλογή Προϊόντων,2024-01-06 11:03:00,Αποθηκάριος
557,Συσκευασία,2024-01-06 11:26:00,Αποθηκάριος
557,Αποστολή,2024-01-06 14:26:00,Courier
558,Υποβολή Παραγγελίας,2024-01-06 04:44:00,Πελάτης
558,Έλεγχος Πληρωμής,2024-01-06 04:57:00,Σύστημα
558,Συλλογή Προϊόντων,2024-01-06 07:57:00,Αποθηκάριος
558,Συσκευασία,2024-01-06 08:14:00,Αποθηκάριος
558,Διόρθωση Συσκευασίας,2024-01-06 09:14:00,Επόπτης
558,Συσκευασία,2024-01-06 09:25:00,Αποθηκάριος
558,Αποστολή,2024-01-06 10:25:00,Courier
559,Υποβολή Παραγγελίας,2024-01-06 04:27:00,Πελάτης
559,Έλεγχος Πληρωμής,2024-01-06 04:39:00,Σύστημα
559,Συλλογή Προϊόντων,2024-01-06 22:39:00,Αποθηκάριος
559,Συσκευασία,2024-01-06 23:02:00,Αποθηκάριος
559,Αποστολή,2024-01-07 01:02:00,Courier
560,Υποβολή Παραγγελίας,2024-01-06 05:01:00,Πελάτης
560,Έλεγχος Πληρωμής,2024-01-06 05:10:00,Σύστημα
560,Συλλογή Προϊόντων,2024-01-07 05:10:00,Αποθηκάριος
560,Συσκευασία,2024-01-07 05:40:00,Αποθηκάριος
560,Αποστολή,2024-01-07 07:40:00,Courier
561,Υποβολή Παραγγελίας,2024-01-06 04:58:00,Πελάτης
561,Έλεγχος Πληρωμής,2024-01-06 05:00:00,Σύστημα
561,Ακύρωση Παραγγελίας,2024-01-06 05:41:00,Σύστημα
562,Υποβολή Παραγγελίας,2024-01-06 05:18:00,Πελάτης
562,Έλεγχος Πληρωμής,2024-01-06 05:30:00,Σύστημα
562,Συλλογή Προϊόντων,2024-01-06 08:30:00,Αποθηκάριος
562,Συσκευασία,2024-01-06 09:00:00,Αποθηκάριος
562,Αποστολή,2024-01-06 12:00:00,Courier
563,Υποβολή Παραγγελίας,2024-01-06 05:27:00,Πελάτης
563,Έλεγχος Πληρωμής,2024-01-06 05:32:00,Σύστημα
563,Συλλογή Προϊόντων,2024-01-07 05:32:00,Αποθηκάριος
563,Συσκευασία,2024-01-07 05:57:00,Αποθηκάριος
563,Διόρθωση Συσκευασίας,2024-01-07 06:37:00,Επόπτης
563,Συσκευασία,2024-01-07 06:44:00,Αποθηκάριος
563,Αποστολή,2024-01-07 10:44:00,Courier
564,Υποβολή Παραγγελίας,2024-01-06 06:05:00,Πελάτης
564,Έλεγχος Πληρωμής,2024-01-06 06:18:00,Σύστημα
564,Συλλογή Προϊόντων,2024-01-07 06:18:00,Αποθηκάριος
564,Συσκευασία,2024-01-07 06:39:00,Αποθηκάριος
564,Αποστολή,2024-01-07 08:39:00,Courier
565,Υποβολή Παραγγελίας,2024-01-06 06:12:00,Πελάτης
565,Έλεγχος Πληρωμής,2024-01-06 06:26:00,Σύστημα
565,Συλλογή Προϊόντων,2024-01-06 10:26:00,Αποθηκάριος
565,Συσκευασία,2024-01-06 10:50:00,Αποθηκάριος
565,Αποστολή,2024-01-06 11:50:00,Courier
566,Υποβολή Παραγγελίας,2024-01-06 06:37:00,Πελάτης
566,Έλεγχος Πληρωμής,2024-01-06 06:38:00,Σύστημα
566,Συλλογή Προϊόντων,2024-01-06 11:38:00,Αποθηκάριος
566,Συσκευασία,2024-01-06 11:58:00,Αποθηκάριος
566,Αποστολή,2024-01-06 15:58:00,Courier
567,Υποβολή Παραγγελίας,2024-01-06 06:12:00,Πελάτης
567,Έλεγχος Πληρωμής,2024-01-06 06:25:00,Σύστημα
567,Συλλογή Προϊόντων,2024-01-06 23:25:00,Αποθηκάριος
567,Συσκευασία,2024-01-06 23:55:00,Αποθηκάριος
567,Αποστολή,2024-01-07 02:55:00,Courier
568,Υποβολή Παραγγελίας,2024-01-06 06:40:00,Πελάτης
568,Έλεγχος Πληρωμής,2024-01-06 06:50:00,Σύστημα
568,Συλλογή Προϊόντων,2024-01-07 06:50:00,Αποθηκάριος
568,Συσκευασία,2024-01-07 07:01:00,Αποθηκάριος
568,Αποστολή,2024-01-07 10:01:00,Courier
569,Υποβολή Παραγγελίας,2024-01-06 07:04:00,Πελάτης
569,Έλεγχος Πληρωμής,2024-01-06 07:07:00,Σύστημα
569,Συλλογή Προϊόντων,2024-01-06 14:07:00,Αποθηκάριος
569,Συσκευασία,2024-01-06 14:30:00,Αποθηκάριος
569,Αποστολή,2024-01-06 16:30:00,Courier
570,Υποβολή Παραγγελίας,2024-01-06 06:48:00,Πελάτης
570,Έλεγχος Πληρωμής,2024-01-06 06:50:00,Σύστημα
570,Συλλογή Προϊόντων,2024-01-07 05:50:00,Αποθηκάριος
570,Συσκευασία,2024-01-07 06:20:00,Αποθηκάριος
570,Διόρθωση Συσκευασίας,2024-01-07 06:50:00,Επόπτης
570,Συσκευασία,2024-01-07 06:57:00,Αποθηκάριος
570,Αποστολή,2024-01-07 08:57:00,Courier
571,Υποβολή Παραγγελίας,2024-01-06 07:08:00,Πελάτης
571,Έλεγχος Πληρωμής,2024-01-06 07:22:00,Σύστημα
571,Συλλογή Προϊόντων,2024-01-06 13:22:00,Αποθηκάριος
571,Συσκευασία,2024-01-06 13:40:00,Αποθηκάριος
571,Αποστολή,2024-01-06 16:40:00,Courier
572,Υποβολή Παραγγελίας,2024-01-06 07:32:00,Πελάτης
572,Έλεγχος Πληρωμής,2024-01-06 07:39:00,Σύστημα
572,Συλλογή Προϊόντων,2024-01-07 05:39:00,Αποθηκάριος
572,Συσκευασία,2024-01-07 05:54:00,Αποθηκάριος
572,Αποστολή,2024-01-07 08:54:00,Courier
573,Υποβολή Παραγγελίας,2024-01-06 07:38:00,Πελάτης
573,Έλεγχος Πληρωμής,2024-01-06 07:46:00,Σύστημα
573,Συλλογή Προϊόντων,2024-01-06 23:46:00,Αποθηκάριος
573,Συσκευασία,2024-01-07 00:10:00,Αποθηκάριος
573,Αποστολή,2024-01-07 02:10:00,Courier
574,Υποβολή Παραγγελίας,2024-01-06 08:05:00,Πελάτης
574,Έλεγχος Πληρωμής,2024-01-06 08:10:00,Σύστημα
574,Συλλογή Προϊόντων,2024-01-07 02:10:00,Αποθηκάριος
574,Συσκευασία,2024-01-07 02:37:00,Αποθηκάριος
574,Αποστολή,2024-01-07 05:37:00,Courier
575,Υποβολή Παραγγελίας,2024-01-06 08:02:00,Πελάτης
575,Έλεγχος Πληρωμής,2024-01-06 08:12:00,Σύστημα
575,Συλλογή Προϊόντων,2024-01-07 07:12:00,Αποθηκάριος
575,Συσκευασία,2024-01-07 07:33:00,Αποθηκάριος
575,Αποστολή,2024-01-07 09:33:00,Courier
576,Υποβολή Παραγγελίας,2024-01-06 08:25:00,Πελάτης
576,Έλεγχος Πληρωμής,2024-01-06 08:39:00,Σύστημα
576,Συλλογή Προϊόντων,2024-01-06 18:39:00,Αποθηκάριος
576,Συσκευασία,2024-01-06 18:58:00,Αποθηκάριος
576,Αποστολή,2024-01-06 21:58:00,Courier
577,Υποβολή Παραγγελίας,2024-01-06 08:46:00,Πελάτης
577,Έλεγχος Πληρωμής,2024-01-06 08:52:00,Σύστημα
577,Συλλογή Προϊόντων,2024-01-06 18:52:00,Αποθηκάριος
577,Συσκευασία,2024-01-06 19:15:00,Αποθηκάριος
577,Διόρθωση Συσκευασίας,2024-01-06 19:49:00,Επόπτης
577,Συσκευασία,2024-01-06 20:00:00,Αποθηκάριος
577,Αποστολή,2024-01-07 01:00:00,Courier
578,Υποβολή Παραγγελίας,2024-01-06 09:21:00,Πελάτης
578,Έλεγχος Πληρωμής,2024-01-06 09:27:00,Σύστημα
578,Συλλογή Προϊόντων,2024-01-06 12:27:00,Αποθηκάριος
578,Συσκευασία,2024-01-06 12:38:00,Αποθηκάριος
578,Αποστολή,2024-01-06 14:38:00,Courier
579,Υποβολή Παραγγελίας,2024-01-06 08:42:00,Πελάτης
579,Έλεγχος Πληρωμής,2024-01-06 08:52:00,Σύστημα
579,Συλλογή Προϊόντων,2024-01-07 01:52:00,Αποθηκάριος
579,Συσκευασία,2024-01-07 02:13:00,Αποθηκάριος
579,Αποστολή,2024-01-07 07:13:00,Courier
580,Υποβολή Παραγγελίας,2024-01-06 08:57:00,Πελάτης
580,Έλεγχος Πληρωμής,2024-01-06 09:04:00,Σύστημα
580,Συλλογή Προϊόντων,2024-01-07 07:04:00,Αποθηκάριος
580,Συσκευασία,2024-01-07 07:30:00,Αποθηκάριος
580,Αποστολή,2024-01-07 09:30:00,Courier
581,Υποβολή Παραγγελίας,2024-01-06 09:32:00,Πελάτης
581,Έλεγχος Πληρωμής,2024-01-06 09:37:00,Σύστημα
581,Συλλογή Προϊόντων,2024-01-06 18:37:00,Αποθηκάριος
581,Συσκευασία,2024-01-06 18:56:00,Αποθηκάριος
581,Διόρθωση Συσκευασίας,2024-01-06 19:11:00,Επόπτης
581,Συσκευασία,2024-01-06 19:18:00,Αποθηκάριος
581,Αποστολή,2024-01-06 22:18:00,Courier
582,Υποβολή Παραγγελίας,2024-01-06 09:10:00,Πελάτης
582,Έλεγχος Πληρωμής,2024-01-06 09:18:00,Σύστημα
582,Συλλογή Προϊόντων,2024-01-06 13:18:00,Αποθηκάριος
582,Συσκευασία,2024-01-06 13:32:00,Αποθηκάριος
582,Αποστολή,2024-01-06 14:32:00,Courier
583,Υποβολή Παραγγελίας,2024-01-06 09:51:00,Πελάτης
583,Έλεγχος Πληρωμής,2024-01-06 10:01:00,Σύστημα
583,Συλλογή Προϊόντων,2024-01-07 02:01:00,Αποθηκάριος
583,Συσκευασία,2024-01-07 02:12:00,Αποθηκάριος
583,Αποστολή,2024-01-07 07:12:00,Courier
584,Υποβολή Παραγγελίας,2024-01-06 10:30:00,Πελάτης
584,Έλεγχος Πληρωμής,2024-01-06 10:44:00,Σύστημα
584,Συλλογή Προϊόντων,2024-01-06 18:44:00,Αποθηκάριος
584,Συσκευασία,2024-01-06 19:13:00,Αποθηκάριος
584,Αποστολή,2024-01-07 00:13:00,Courier
585,Υποβολή Παραγγελίας,2024-01-06 10:08:00,Πελάτης
585,Έλεγχος Πληρωμής,2024-01-06 10:10:00,Σύστημα
585,Συλλογή Προϊόντων,2024-01-07 00:10:00,Αποθηκάριος
585,Συσκευασία,2024-01-07 00:22:00,Αποθηκάριος
585,Αποστολή,2024-01-07 04:22:00,Courier
586,Υποβολή Παραγγελίας,2024-01-06 10:58:00,Πελάτης
586,Έλεγχος Πληρωμής,2024-01-06 11:01:00,Σύστημα
586,Συλλογή Προϊόντων,2024-01-07 07:01:00,Αποθηκάριος
586,Συσκευασία,2024-01-07 07:30:00,Αποθηκάριος
586,Αποστολή,2024-01-07 12:30:00,Courier
587,Υποβολή Παραγγελίας,2024-01-06 10:38:00,Πελάτης
587,Έλεγχος Πληρωμής,2024-01-06 10:53:00,Σύστημα
587,Συλλογή Προϊόντων,2024-01-06 13:53:00,Αποθηκάριος
587,Συσκευασία,2024-01-06 14:23:00,Αποθηκάριος
587,Αποστολή,2024-01-06 17:23:00,Courier
588,Υποβολή Παραγγελίας,2024-01-06 10:57:00,Πελάτης
588,Έλεγχος Πληρωμής,2024-01-06 11:02:00,Σύστημα
588,Συλλογή Προϊόντων,2024-01-06 22:02:00,Αποθηκάριος
588,Συσκευασία,2024-01-06 22:19:00,Αποθηκάριος
588,Αποστολή,2024-01-07 02:19:00,Courier
589,Υποβολή Παραγγελίας,2024-01-06 10:53:00,Πελάτης
589,Έλεγχος Πληρωμής,2024-01-06 11:08:00,Σύστημα
589,Ακύρωση Παραγγελίας,2024-01-06 11:26:00,Σύστημα
590,Υποβολή Παραγγελίας,2024-01-06 10:53:00,Πελάτης
590,Έλεγχος Πληρωμής,2024-01-06 11:03:00,Σύστημα
590,Συλλογή Προϊόντων,2024-01-06 18:03:00,Αποθηκάριος
590,Συσκευασία,2024-01-06 18:20:00,Αποθηκάριος
590,Αποστολή,2024-01-06 19:20:00,Courier
591,Υποβολή Παραγγελίας,2024-01-06 11:36:00,Πελάτης
591,Έλεγχος Πληρωμής,2024-01-06 11:44:00,Σύστημα
591,Συλλογή Προϊόντων,2024-01-07 09:44:00,Αποθηκάριος
591,Συσκευασία,2024-01-07 10:00:00,Αποθηκάριος
591,Διόρθωση Συσκευασίας,2024-01-07 10:38:00,Επόπτης
591,Συσκευασία,2024-01-07 10:43:00,Αποθηκάριος
591,Αποστολή,2024-01-07 15:43:00,Courier
592,Υποβολή Παραγγελίας,2024-01-06 12:04:00,Πελάτης
592,Έλεγχος Πληρωμής,2024-01-06 12:09:00,Σύστημα
592,Συλλογή Προϊόντων,2024-01-07 03:09:00,Αποθηκάριος
592,Συσκευασία,2024-01-07 03:21:00,Αποθηκάριος
592,Διόρθωση Συσκευασίας,2024-01-07 04:18:00,Επόπτης
592,Συσκευασία,2024-01-07 04:26:00,Αποθηκάριος
592,Αποστολή,2024-01-07 08:26:00,Courier
593,Υποβολή Παραγγελίας,2024-01-06 12:15:00,Πελάτης
593,Έλεγχος Πληρωμής,2024-01-06 12:28:00,Σύστημα
593,Ακύρωση Παραγγελίας,2024-01-06 13:25:00,Σύστημα
594,Υποβολή Παραγγελίας,2024-01-06 12:22:00,Πελάτης
594,Έλεγχος Πληρωμής,2024-01-06 12:31:00,Σύστημα
594,Συλλογή Προϊόντων,2024-01-06 16:31:00,Αποθηκάριος
594,Συσκευασία,2024-01-06 16:59:00,Αποθηκάριος
594,Αποστολή,2024-01-06 17:59:00,Courier
595,Υποβολή Παραγγελίας,2024-01-06 12:37:00,Πελάτης
595,Έλεγχος Πληρωμής,2024-01-06 12:44:00,Σύστημα
595,Συλλογή Προϊόντων,2024-01-06 16:44:00,Αποθηκάριος
595,Συσκευασία,2024-01-06 17:13:00,Αποθηκάριος
595,Διόρθωση Συσκευασίας,2024-01-06 17:45:00,Επόπτης
595,Συσκευασία,2024-01-06 18:00:00,Αποθηκάριος
595,Αποστολή,2024-01-06 22:00:00,Courier
596,Υποβολή Παραγγελίας,2024-01-06 12:31:00,Πελάτης
596,Έλεγχος Πληρωμής,2024-01-06 12:36:00,Σύστημα
596,Συλλογή Προϊόντων,2024-01-07 11:36:00,Αποθηκάριος
596,Συσκευασία,2024-01-07 11:50:00,Αποθηκάριος
596,Αποστολή,2024-01-07 15:50:00,Courier
597,Υποβολή Παραγγελίας,2024-01-06 13:19:00,Πελάτης
597,Έλεγχος Πληρωμής,2024-01-06 13:27:00,Σύστημα
597,Συλλογή Προϊόντων,2024-01-06 15:27:00,Αποθηκάριος
597,Συσκευασία,2024-01-06 15:45:00,Αποθηκάριος
597,Αποστολή,2024-01-06 16:45:00,Courier
598,Υποβολή Παραγγελίας,2024-01-06 12:46:00,Πελάτης
598,Έλεγχος Πληρωμής,2024-01-06 12:58:00,Σύστημα
598,Συλλογή Προϊόντων,2024-01-07 01:58:00,Αποθηκάριος
598,Συσκευασία,2024-01-07 02:15:00,Αποθηκάριος
598,Αποστολή,2024-01-07 04:15:00,Courier
599,Υποβολή Παραγγελίας,2024-01-06 13:48:00,Πελάτης
599,Έλεγχος Πληρωμής,2024-01-06 13:54:00,Σύστημα
599,Συλλογή Προϊόντων,2024-01-06 23:54:00,Αποθηκάριος
599,Συσκευασία,2024-01-07 00:08:00,Αποθηκάριος
599,Αποστολή,2024-01-07 03:08:00,Courier
600,Υποβολή Παραγγελίας,2024-01-06 13:18:00,Πελάτης
600,Έλεγχος Πληρωμής,2024-01-06 13:22:00,Σύστημα
600,Συλλογή Προϊόντων,2024-01-07 06:22:00,Αποθηκάριος
600,Συσκευασία,2024-01-07 06:45:00,Αποθηκάριος
600,Αποστολή,2024-01-07 07:45:00,Courier
601,Υποβολή Παραγγελίας,2024-01-06 13:24:00,Πελάτης
601,Έλεγχος Πληρωμής,2024-01-06 13:34:00,Σύστημα
601,Συλλογή Προϊόντων,2024-01-07 06:34:00,Αποθηκάριος
601,Συσκευασία,2024-01-07 06:49:00,Αποθηκάριος
601,Αποστολή,2024-01-07 10:49:00,Courier
602,Υποβολή Παραγγελίας,2024-01-06 14:36:00,Πελάτης
602,Έλεγχος Πληρωμής,2024-01-06 14:45:00,Σύστημα
602,Ακύρωση Παραγγελίας,2024-01-06 15:00:00,Σύστημα
603,Υποβολή Παραγγελίας,2024-01-06 14:42:00,Πελάτης
603,Έλεγχος Πληρωμής,2024-01-06 14:47:00,Σύστημα
603,Συλλογή Προϊόντων,2024-01-06 18:47:00,Αποθηκάριος
603,Συσκευασία,2024-01-06 19:15:00,Αποθηκάριος
603,Διόρθωση Συσκευασίας,2024-01-06 19:50:00,Επόπτης
603,Συσκευασία,2024-01-06 19:55:00,Αποθηκάριος
603,Αποστολή,2024-01-07 00:55:00,Courier
604,Υποβολή Παραγγελίας,2024-01-06 14:33:00,Πελάτης
604,Έλεγχος Πληρωμής,2024-01-06 14:46:00,Σύστημα
604,Συλλογή Προϊόντων,2024-01-06 21:46:00,Αποθηκάριος
604,Συσκευασία,2024-01-06 22:01:00,Αποθηκάριος
604,Αποστολή,2024-01-07 03:01:00,Courier
605,Υποβολή Παραγγελίας,2024-01-06 14:21:00,Πελάτης
605,Έλεγχος Πληρωμής,2024-01-06 14:30:00,Σύστημα
605,Συλλογή Προϊόντων,2024-01-07 13:30:00,Αποθηκάριος
605,Συσκευασία,2024-01-07 13:58:00,Αποθηκάριος
605,Αποστολή,2024-01-07 16:58:00,Courier
606,Υποβολή Παραγγελίας,2024-01-06 14:44:00,Πελάτης
606,Έλεγχος Πληρωμής,2024-01-06 14:50:00,Σύστημα
606,Συλλογή Προϊόντων,2024-01-07 14:50:00,Αποθηκάριος
606,Συσκευασία,2024-01-07 15:01:00,Αποθηκάριος
606,Αποστολή,2024-01-07 19:01:00,Courier
607,Υποβολή Παραγγελίας,2024-01-06 15:22:00,Πελάτης
607,Έλεγχος Πληρωμής,2024-01-06 15:29:00,Σύστημα
607,Συλλογή Προϊόντων,2024-01-07 11:29:00,Αποθηκάριος
607,Συσκευασία,2024-01-07 11:51:00,Αποθηκάριος
607,Διόρθωση Συσκευασίας,2024-01-07 12:18:00,Επόπτης
607,Συσκευασία,2024-01-07 12:29:00,Αποθηκάριος
607,Αποστολή,2024-01-07 13:29:00,Courier
608,Υποβολή Παραγγελίας,2024-01-06 15:36:00,Πελάτης
608,Έλεγχος Πληρωμής,2024-01-06 15:41:00,Σύστημα
608,Συλλογή Προϊόντων,2024-01-07 07:41:00,Αποθηκάριος
608,Συσκευασία,2024-01-07 07:58:00,Αποθηκάριος
608,Αποστολή,2024-01-07 12:58:00,Courier
609,Υποβολή Παραγγελίας,2024-01-06 15:27:00,Πελάτης
609,Έλεγχος Πληρωμής,2024-01-06 15:32:00,Σύστημα
609,Συλλογή Προϊόντων,2024-01-07 15:32:00,Αποθηκάριος
609,Συσκευασία,2024-01-07 15:43:00,Αποθηκάριος
609,Αποστολή,2024-01-07 20:43:00,Courier
610,Υποβολή Παραγγελίας,2024-01-06 15:48:00,Πελάτης
610,Έλεγχος Πληρωμής,2024-01-06 16:01:00,Σύστημα
610,Συλλογή Προϊόντων,2024-01-07 05:01:00,Αποθηκάριος
610,Συσκευασία,2024-01-07 05:23:00,Αποθηκάριος
610,Αποστολή,2024-01-07 06:23:00,Courier
611,Υποβολή Παραγγελίας,2024-01-06 15:28:00,Πελάτης
611,Έλεγχος Πληρωμής,2024-01-06 15:43:00,Σύστημα
611,Συλλογή Προϊόντων,2024-01-07 04:43:00,Αποθηκάριος
611,Συσκευασία,2024-01-07 05:12:00,Αποθηκάριος
611,Αποστολή,2024-01-07 06:12:00,Courier
612,Υποβολή Παραγγελίας,2024-01-06 16:07:00,Πελάτης
612,Έλεγχος Πληρωμής,2024-01-06 16:16:00,Σύστημα
612,Συλλογή Προϊόντων,2024-01-06 23:16:00,Αποθηκάριος
612,Συσκευασία,2024-01-06 23:40:00,Αποθηκάριος
612,Αποστολή,2024-01-07 00:40:00,Courier
613,Υποβολή Παραγγελίας,2024-01-06 15:59:00,Πελάτης
613,Έλεγχος Πληρωμής,2024-01-06 16:05:00,Σύστημα
613,Συλλογή Προϊόντων,2024-01-07 12:05:00,Αποθηκάριος
613,Συσκευασία,2024-01-07 12:30:00,Αποθηκάριος
613,Αποστολή,2024-01-07 17:30:00,Courier
614,Υποβολή Παραγγελίας,2024-01-06 16:48:00,Πελάτης
614,Έλεγχος Πληρωμής,2024-01-06 16:59:00,Σύστημα
614,Συλλογή Προϊόντων,2024-01-07 02:59:00,Αποθηκάριος
614,Συσκευασία,2024-01-07 03:29:00,Αποθηκάριος
614,Διόρθωση Συσκευασίας,2024-01-07 03:54:00,Επόπτης
614,Συσκευασία,2024-01-07 04:02:00,Αποθηκάριος
614,Αποστολή,2024-01-07 06:02:00,Courier
615,Υποβολή Παραγγελίας,2024-01-06 16:37:00,Πελάτης
615,Έλεγχος Πληρωμής,2024-01-06 16:48:00,Σύστημα
615,Συλλογή Προϊόντων,2024-01-07 14:48:00,Αποθηκάριος
615,Συσκευασία,2024-01-07 15:14:00,Αποθηκάριος
615,Αποστολή,2024-01-07 20:14:00,Courier
616,Υποβολή Παραγγελίας,2024-01-06 17:31:00,Πελάτης
616,Έλεγχος Πληρωμής,2024-01-06 17:42:00,Σύστημα
616,Συλλογή Προϊόντων,2024-01-07 15:42:00,Αποθηκάριος
616,Συσκευασία,2024-01-07 16:05:00,Αποθηκάριος
616,Αποστολή,2024-01-07 18:05:00,Courier
617,Υποβολή Παραγγελίας,2024-01-06 16:50:00,Πελάτης
617,Έλεγχος Πληρωμής,2024-01-06 16:51:00,Σύστημα
617,Συλλογή Προϊόντων,2024-01-07 08:51:00,Αποθηκάριος
617,Συσκευασία,2024-01-07 09:19:00,Αποθηκάριος
617,Αποστολή,2024-01-07 10:19:00,Courier
618,Υποβολή Παραγγελίας,2024-01-06 17:17:00,Πελάτης
618,Έλεγχος Πληρωμής,2024-01-06 17:27:00,Σύστημα
618,Ακύρωση Παραγγελίας,2024-01-06 18:22:00,Σύστημα
619,Υποβολή Παραγγελίας,2024-01-06 17:39:00,Πελάτης
619,Έλεγχος Πληρωμής,2024-01-06 17:53:00,Σύστημα
619,Ακύρωση Παραγγελίας,2024-01-06 18:33:00,Σύστημα
620,Υποβολή Παραγγελίας,2024-01-06 17:46:00,Πελάτης
620,Έλεγχος Πληρωμής,2024-01-06 17:52:00,Σύστημα
620,Συλλογή Προϊόντων,2024-01-06 21:52:00,Αποθηκάριος
620,Συσκευασία,2024-01-06 22:11:00,Αποθηκάριος
620,Αποστολή,2024-01-07 03:11:00,Courier
621,Υποβολή Παραγγελίας,2024-01-06 17:29:00,Πελάτης
621,Έλεγχος Πληρωμής,2024-01-06 17:40:00,Σύστημα
621,Συλλογή Προϊόντων,2024-01-07 02:40:00,Αποθηκάριος
621,Συσκευασία,2024-01-07 03:03:00,Αποθηκάριος
621,Αποστολή,2024-01-07 08:03:00,Courier
622,Υποβολή Παραγγελίας,2024-01-06 17:34:00,Πελάτης
622,Έλεγχος Πληρωμής,2024-01-06 17:40:00,Σύστημα
622,Συλλογή Προϊόντων,2024-01-07 05:40:00,Αποθηκάριος
622,Συσκευασία,2024-01-07 06:01:00,Αποθηκάριος
622,Αποστολή,2024-01-07 07:01:00,Courier
623,Υποβολή Παραγγελίας,2024-01-06 18:37:00,Πελάτης
623,Έλεγχος Πληρωμής,2024-01-06 18:45:00,Σύστημα
623,Συλλογή Προϊόντων,2024-01-07 10:45:00,Αποθηκάριος
623,Συσκευασία,2024-01-07 10:56:00,Αποθηκάριος
623,Αποστολή,2024-01-07 14:56:00,Courier
624,Υποβολή Παραγγελίας,2024-01-06 18:18:00,Πελάτης
624,Έλεγχος Πληρωμής,2024-01-06 18:27:00,Σύστημα
624,Συλλογή Προϊόντων,2024-01-07 01:27:00,Αποθηκάριος
624,Συσκευασία,2024-01-07 01:57:00,Αποθηκάριος
624,Αποστολή,2024-01-07 05:57:00,Courier
625,Υποβολή Παραγγελίας,2024-01-06 18:02:00,Πελάτης
625,Έλεγχος Πληρωμής,2024-01-06 18:07:00,Σύστημα
625,Συλλογή Προϊόντων,2024-01-07 10:07:00,Αποθηκάριος
625,Συσκευασία,2024-01-07 10:25:00,Αποθηκάριος
625,Αποστολή,2024-01-07 11:25:00,Courier
626,Υποβολή Παραγγελίας,2024-01-06 18:53:00,Πελάτης
626,Έλεγχος Πληρωμής,2024-01-06 19:00:00,Σύστημα
626,Συλλογή Προϊόντων,2024-01-07 07:00:00,Αποθηκάριος
626,Συσκευασία,2024-01-07 07:22:00,Αποθηκάριος
626,Αποστολή,2024-01-07 12:22:00,Courier
627,Υποβολή Παραγγελίας,2024-01-06 18:58:00,Πελάτης
627,Έλεγχος Πληρωμής,2024-01-06 19:00:00,Σύστημα
627,Συλλογή Προϊόντων,2024-01-07 05:00:00,Αποθηκάριος
627,Συσκευασία,2024-01-07 05:29:00,Αποθηκάριος
627,Αποστολή,2024-01-07 07:29:00,Courier
628,Υποβολή Παραγγελίας,2024-01-06 19:30:00,Πελάτης
628,Έλεγχος Πληρωμής,2024-01-06 19:37:00,Σύστημα
628,Συλλογή Προϊόντων,2024-01-07 18:37:00,Αποθηκάριος
628,Συσκευασία,2024-01-07 18:55:00,Αποθηκάριος
628,Αποστολή,2024-01-07 23:55:00,Courier
629,Υποβολή Παραγγελίας,2024-01-06 18:59:00,Πελάτης
629,Έλεγχος Πληρωμής,2024-01-06 19:12:00,Σύστημα
629,Συλλογή Προϊόντων,2024-01-06 21:12:00,Αποθηκάριος
629,Συσκευασία,2024-01-06 21:40:00,Αποθηκάριος
629,Αποστολή,2024-01-07 00:40:00,Courier
630,Υποβολή Παραγγελίας,2024-01-06 19:35:00,Πελάτης
630,Έλεγχος Πληρωμής,2024-01-06 19:38:00,Σύστημα
630,Συλλογή Προϊόντων,2024-01-07 05:38:00,Αποθηκάριος
630,Συσκευασία,2024-01-07 05:48:00,Αποθηκάριος
630,Αποστολή,2024-01-07 09:48:00,Courier
631,Υποβολή Παραγγελίας,2024-01-06 20:18:00,Πελάτης
631,Έλεγχος Πληρωμής,2024-01-06 20:22:00,Σύστημα
631,Συλλογή Προϊόντων,2024-01-07 03:22:00,Αποθηκάριος
631,Συσκευασία,2024-01-07 03:34:00,Αποθηκάριος
631,Αποστολή,2024-01-07 05:34:00,Courier
632,Υποβολή Παραγγελίας,2024-01-06 19:54:00,Πελάτης
632,Έλεγχος Πληρωμής,2024-01-06 20:04:00,Σύστημα
632,Συλλογή Προϊόντων,2024-01-07 20:04:00,Αποθηκάριος
632,Συσκευασία,2024-01-07 20:24:00,Αποθηκάριος
632,Αποστολή,2024-01-07 23:24:00,Courier
633,Υποβολή Παραγγελίας,2024-01-06 20:37:00,Πελάτης
633,Έλεγχος Πληρωμής,2024-01-06 20:49:00,Σύστημα
633,Συλλογή Προϊόντων,2024-01-07 11:49:00,Αποθηκάριος
633,Συσκευασία,2024-01-07 12:11:00,Αποθηκάριος
633,Αποστολή,2024-01-07 13:11:00,Courier
634,Υποβολή Παραγγελίας,2024-01-06 20:38:00,Πελάτης
634,Έλεγχος Πληρωμής,2024-01-06 20:49:00,Σύστημα
634,Συλλογή Προϊόντων,2024-01-07 15:49:00,Αποθηκάριος
634,Συσκευασία,2024-01-07 16:18:00,Αποθηκάριος
634,Αποστολή,2024-01-07 17:18:00,Courier
635,Υποβολή Παραγγελίας,2024-01-06 20:38:00,Πελάτης
635,Έλεγχος Πληρωμής,2024-01-06 20:48:00,Σύστημα
635,Ακύρωση Παραγγελίας,2024-01-06 21:40:00,Σύστημα
636,Υποβολή Παραγγελίας,2024-01-06 21:24:00,Πελάτης
636,Έλεγχος Πληρωμής,2024-01-06 21:33:00,Σύστημα
636,Συλλογή Προϊόντων,2024-01-07 13:33:00,Αποθηκάριος
636,Συσκευασία,2024-01-07 13:58:00,Αποθηκάριος
636,Αποστολή,2024-01-07 18:58:00,Courier
637,Υποβολή Παραγγελίας,2024-01-06 21:02:00,Πελάτης
637,Έλεγχος Πληρωμής,2024-01-06 21:17:00,Σύστημα
637,Συλλογή Προϊόντων,2024-01-07 09:17:00,Αποθηκάριος
637,Συσκευασία,2024-01-07 09:47:00,Αποθηκάριος
637,Αποστολή,2024-01-07 13:47:00,Courier
638,Υποβολή Παραγγελίας,2024-01-06 21:55:00,Πελάτης
638,Έλεγχος Πληρωμής,2024-01-06 22:04:00,Σύστημα
638,Συλλογή Προϊόντων,2024-01-07 05:04:00,Αποθηκάριος
638,Συσκευασία,2024-01-07 05:24:00,Αποθηκάριος
638,Διόρθωση Συσκευασίας,2024-01-07 05:51:00,Επόπτης
638,Συσκευασία,2024-01-07 06:02:00,Αποθηκάριος
638,Αποστολή,2024-01-07 07:02:00,Courier
639,Υποβολή Παραγγελίας,2024-01-06 21:53:00,Πελάτης
639,Έλεγχος Πληρωμής,2024-01-06 21:58:00,Σύστημα
639,Συλλογή Προϊόντων,2024-01-07 15:58:00,Αποθηκάριος
639,Συσκευασία,2024-01-07 16:26:00,Αποθηκάριος
639,Αποστολή,2024-01-07 20:26:00,Courier
640,Υποβολή Παραγγελίας,2024-01-06 22:17:00,Πελάτης
640,Έλεγχος Πληρωμής,2024-01-06 22:30:00,Σύστημα
640,Συλλογή Προϊόντων,2024-01-07 01:30:00,Αποθηκάριος
640,Συσκευασία,2024-01-07 01:56:00,Αποθηκάριος
640,Αποστολή,2024-01-07 06:56:00,Courier
641,Υποβολή Παραγγελίας,2024-01-06 22:39:00,Πελάτης
641,Έλεγχος Πληρωμής,2024-01-06 22:46:00,Σύστημα
641,Συλλογή Προϊόντων,2024-01-07 09:46:00,Αποθηκάριος
641,Συσκευασία,2024-01-07 10:03:00,Αποθηκάριος
641,Αποστολή,2024-01-07 13:03:00,Courier
642,Υποβολή Παραγγελίας,2024-01-06 22:18:00,Πελάτης
642,Έλεγχος Πληρωμής,2024-01-06 22:25:00,Σύστημα
642,Συλλογή Προϊόντων,2024-01-07 14:25:00,Αποθηκάριος
642,Συσκευασία,2024-01-07 14:41:00,Αποθηκάριος
642,Αποστολή,2024-01-07 17:41:00,Courier
643,Υποβολή Παραγγελίας,2024-01-06 22:19:00,Πελάτης
643,Έλεγχος Πληρωμής,2024-01-06 22:32:00,Σύστημα
643,Συλλογή Προϊόντων,2024-01-07 18:32:00,Αποθηκάριος
643,Συσκευασία,2024-01-07 19:02:00,Αποθηκάριος
643,Αποστολή,2024-01-08 00:02:00,Courier
644,Υποβολή Παραγγελίας,2024-01-06 22:22:00,Πελάτης
644,Έλεγχος Πληρωμής,2024-01-06 22:29:00,Σύστημα
644,Συλλογή Προϊόντων,2024-01-07 22:29:00,Αποθηκάριος
644,Συσκευασία,2024-01-07 22:57:00,Αποθηκάριος
644,Αποστολή,2024-01-08 02:57:00,Courier
645,Υποβολή Παραγγελίας,2024-01-06 22:58:00,Πελάτης
645,Έλεγχος Πληρωμής,2024-01-06 22:59:00,Σύστημα
645,Συλλογή Προϊόντων,2024-01-07 06:59:00,Αποθηκάριος
645,Συσκευασία,2024-01-07 07:24:00,Αποθηκάριος
645,Αποστολή,2024-01-07 12:24:00,Courier
646,Υποβολή Παραγγελίας,2024-01-06 22:53:00,Πελάτης
646,Έλεγχος Πληρωμής,2024-01-06 23:05:00,Σύστημα
646,Συλλογή Προϊόντων,2024-01-07 06:05:00,Αποθηκάριος
646,Συσκευασία,2024-01-07 06:16:00,Αποθηκάριος
646,Διόρθωση Συσκευασίας,2024-01-07 07:02:00,Επόπτης
646,Συσκευασία,2024-01-07 07:07:00,Αποθηκάριος
646,Αποστολή,2024-01-07 09:07:00,Courier
647,Υποβολή Παραγγελίας,2024-01-06 23:05:00,Πελάτης
647,Έλεγχος Πληρωμής,2024-01-06 23:09:00,Σύστημα
647,Συλλογή Προϊόντων,2024-01-07 07:09:00,Αποθηκάριος
647,Συσκευασία,2024-01-07 07:24:00,Αποθηκάριος
647,Διόρθωση Συσκευασίας,2024-01-07 07:59:00,Επόπτης
647,Συσκευασία,2024-01-07 08:06:00,Αποθηκάριος
647,Αποστολή,2024-01-07 11:06:00,Courier
648,Υποβολή Παραγγελίας,2024-01-06 23:46:00,Πελάτης
648,Έλεγχος Πληρωμής,2024-01-07 00:00:00,Σύστημα
648,Συλλογή Προϊόντων,2024-01-07 10:00:00,Αποθηκάριος
648,Συσκευασία,2024-01-07 10:26:00,Αποθηκάριος
648,Αποστολή,2024-01-07 11:26:00,Courier
649,Υποβολή Παραγγελίας,2024-01-06 23:30:00,Πελάτης
649,Έλεγχος Πληρωμής,2024-01-06 23:42:00,Σύστημα
649,Συλλογή Προϊόντων,2024-01-07 01:42:00,Αποθηκάριος
649,Συσκευασία,2024-01-07 01:53:00,Αποθηκάριος
649,Αποστολή,2024-01-07 02:53:00,Courier
650,Υποβολή Παραγγελίας,2024-01-06 23:39:00,Πελάτης
650,Έλεγχος Πληρωμής,2024-01-06 23:41:00,Σύστημα
650,Ακύρωση Παραγγελίας,2024-01-06 23:53:00,Σύστημα
651,Υποβολή Παραγγελίας,2024-01-07 00:12:00,Πελάτης
651,Έλεγχος Πληρωμής,2024-01-07 00:21:00,Σύστημα
651,Συλλογή Προϊόντων,2024-01-07 02:21:00,Αποθηκάριος
651,Συσκευασία,2024-01-07 02:44:00,Αποθηκάριος
651,Αποστολή,2024-01-07 07:44:00,Courier
652,Υποβολή Παραγγελίας,2024-01-07 00:22:00,Πελάτης
652,Έλεγχος Πληρωμής,2024-01-07 00:24:00,Σύστημα
652,Ακύρωση Παραγγελίας,2024-01-07 01:09:00,Σύστημα
653,Υποβολή Παραγγελίας,2024-01-06 23:48:00,Πελάτης
653,Έλεγχος Πληρωμής,2024-01-06 23:52:00,Σύστημα
653,Συλλογή Προϊόντων,2024-01-07 12:52:00,Αποθηκάριος
653,Συσκευασία,2024-01-07 13:06:00,Αποθηκάριος
653,Αποστολή,2024-01-07 18:06:00,Courier
654,Υποβολή Παραγγελίας,2024-01-06 23:59:00,Πελάτης
654,Έλεγχος Πληρωμής,2024-01-07 00:01:00,Σύστημα
654,Συλλογή Προϊόντων,2024-01-07 10:01:00,Αποθηκάριος
654,Συσκευασία,2024-01-07 10:31:00,Αποθηκάριος
654,Αποστολή,2024-01-07 14:31:00,Courier
655,Υποβολή Παραγγελίας,2024-01-07 00:22:00,Πελάτης
655,Έλεγχος Πληρωμής,2024-01-07 00:34:00,Σύστημα
655,Συλλογή Προϊόντων,2024-01-07 02:34:00,Αποθηκάριος
655,Συσκευασία,2024-01-07 02:47:00,Αποθηκάριος
655,Αποστολή,2024-01-07 05:47:00,Courier
656,Υποβολή Παραγγελίας,2024-01-07 01:01:00,Πελάτης
656,Έλεγχος Πληρωμής,2024-01-07 01:15:00,Σύστημα
656,Συλλογή Προϊόντων,2024-01-07 13:15:00,Αποθηκάριος
656,Συσκευασία,2024-01-07 13:44:00,Αποθηκάριος
656,Αποστολή,2024-01-07 17:44:00,Courier
657,Υποβολή Παραγγελίας,2024-01-07 01:25:00,Πελάτης
657,Έλεγχος Πληρωμής,2024-01-07 01:26:00,Σύστημα
657,Συλλογή Προϊόντων,2024-01-07 03:26:00,Αποθηκάριος
657,Συσκευασία,2024-01-07 03:54:00,Αποθηκάριος
657,Αποστολή,2024-01-07 04:54:00,Courier
658,Υποβολή Παραγγελίας,2024-01-07 00:44:00,Πελάτης
658,Έλεγχος Πληρωμής,2024-01-07 00:59:00,Σύστημα
658,Συλλογή Προϊόντων,2024-01-08 00:59:00,Αποθηκάριος
658,Συσκευασία,2024-01-08 01:21:00,Αποθηκάριος
658,Αποστολή,2024-01-08 03:21:00,Courier
659,Υποβολή Παραγγελίας,2024-01-07 01:46:00,Πελάτης
659,Έλεγχος Πληρωμής,2024-01-07 02:01:00,Σύστημα
659,Συλλογή Προϊόντων,2024-01-07 12:01:00,Αποθηκάριος
659,Συσκευασία,2024-01-07 12:26:00,Αποθηκάριος
659,Αποστολή,2024-01-07 17:26:00,Courier
660,Υποβολή Παραγγελίας,2024-01-07 01:40:00,Πελάτης
660,Έλεγχος Πληρωμής,2024-01-07 01:41:00,Σύστημα
660,Συλλογή Προϊόντων,2024-01-07 18:41:00,Αποθηκάριος
660,Συσκευασία,2024-01-07 19:11:00,Αποθηκάριος
660,Αποστολή,2024-01-07 23:11:00,Courier
661,Υποβολή Παραγγελίας,2024-01-07 01:48:00,Πελάτης
661,Έλεγχος Πληρωμής,2024-01-07 01:56:00,Σύστημα
661,Συλλογή Προϊόντων,2024-01-07 13:56:00,Αποθηκάριος
661,Συσκευασία,2024-01-07 14:14:00,Αποθηκάριος
661,Αποστολή,2024-01-07 15:14:00,Courier
662,Υποβολή Παραγγελίας,2024-01-07 01:47:00,Πελάτης
662,Έλεγχος Πληρωμής,2024-01-07 01:48:00,Σύστημα
662,Συλλογή Προϊόντων,2024-01-07 09:48:00,Αποθηκάριος
662,Συσκευασία,2024-01-07 10:17:00,Αποθηκάριος
662,Διόρθωση Συσκευασίας,2024-01-07 11:12:00,Επόπτης
662,Συσκευασία,2024-01-07 11:18:00,Αποθηκάριος
662,Αποστολή,2024-01-07 15:18:00,Courier
663,Υποβολή Παραγγελίας,2024-01-07 02:12:00,Πελάτης
663,Έλεγχος Πληρωμής,2024-01-07 02:18:00,Σύστημα
663,Συλλογή Προϊόντων,2024-01-07 22:18:00,Αποθηκάριος
663,Συσκευασία,2024-01-07 22:46:00,Αποθηκάριος
663,Αποστολή,2024-01-08 02:46:00,Courier
664,Υποβολή Παραγγελίας,2024-01-07 02:41:00,Πελάτης
664,Έλεγχος Πληρωμής,2024-01-07 02:54:00,Σύστημα
664,Συλλογή Προϊόντων,2024-01-07 16:54:00,Αποθηκάριος
664,Συσκευασία,2024-01-07 17:19:00,Αποθηκάριος
664,Αποστολή,2024-01-07 20:19:00,Courier
665,Υποβολή Παραγγελίας,2024-01-07 02:28:00,Πελάτης
665,Έλεγχος Πληρωμής,2024-01-07 02:36:00,Σύστημα
665,Συλλογή Προϊόντων,2024-01-07 20:36:00,Αποθηκάριος
665,Συσκευασία,2024-01-07 20:52:00,Αποθηκάριος
665,Αποστολή,2024-01-08 01:52:00,Courier
666,Υποβολή Παραγγελίας,2024-01-07 02:30:00,Πελάτης
666,Έλεγχος Πληρωμής,2024-01-07 02:40:00,Σύστημα
666,Ακύρωση Παραγγελίας,2024-01-07 03:24:00,Σύστημα
667,Υποβολή Παραγγελίας,2024-01-07 02:57:00,Πελάτης
667,Έλεγχος Πληρωμής,2024-01-07 03:02:00,Σύστημα
667,Συλλογή Προϊόντων,2024-01-07 15:02:00,Αποθηκάριος
667,Συσκευασία,2024-01-07 15:14:00,Αποθηκάριος
667,Αποστολή,2024-01-07 16:14:00,Courier
668,Υποβολή Παραγγελίας,2024-01-07 03:35:00,Πελάτης
668,Έλεγχος Πληρωμής,2024-01-07 03:37:00,Σύστημα
668,Συλλογή Προϊόντων,2024-01-07 05:37:00,Αποθηκάριος
668,Συσκευασία,2024-01-07 05:58:00,Αποθηκάριος
668,Διόρθωση Συσκευασίας,2024-01-07 06:16:00,Επόπτης
668,Συσκευασία,2024-01-07 06:27:00,Αποθηκάριος
668,Αποστολή,2024-01-07 07:27:00,Courier
669,Υποβολή Παραγγελίας,2024-01-07 04:03:00,Πελάτης
669,Έλεγχος Πληρωμής,2024-01-07 04:10:00,Σύστημα
669,Συλλογή Προϊόντων,2024-01-07 20:10:00,Αποθηκάριος
669,Συσκευασία,2024-01-07 20:22:00,Αποθηκάριος
669,Διόρθωση Συσκευασίας,2024-01-07 21:11:00,Επόπτης
669,Συσκευασία,2024-01-07 21:23:00,Αποθηκάριος
669,Αποστολή,2024-01-07 23:23:00,Courier
670,Υποβολή Παραγγελίας,2024-01-07 03:30:00,Πελάτης
670,Έλεγχος Πληρωμής,2024-01-07 03:44:00,Σύστημα
670,Συλλογή Προϊόντων,2024-01-08 02:44:00,Αποθηκάριος
670,Συσκευασία,2024-01-08 03:04:00,Αποθηκάριος
670,Αποστολή,2024-01-08 08:04:00,Courier
671,Υποβολή Παραγγελίας,2024-01-07 03:58:00,Πελάτης
671,Έλεγχος Πληρωμής,2024-01-07 04:12:00,Σύστημα
671,Συλλογή Προϊόντων,2024-01-08 00:12:00,Αποθηκάριος
671,Συσκευασία,2024-01-08 00:31:00,Αποθηκάριος
671,Αποστολή,2024-01-08 03:31:00,Courier
672,Υποβολή Παραγγελίας,2024-01-07 03:45:00,Πελάτης
672,Έλεγχος Πληρωμής,2024-01-07 03:56:00,Σύστημα
672,Συλλογή Προϊόντων,2024-01-07 16:56:00,Αποθηκάριος
672,Συσκευασία,2024-01-07 17:21:00,Αποθηκάριος
672,Αποστολή,2024-01-07 20:21:00,Courier
673,Υποβολή Παραγγελίας,2024-01-07 04:17:00,Πελάτης
673,Έλεγχος Πληρωμής,2024-01-07 04:29:00,Σύστημα
673,Ακύρωση Παραγγελίας,2024-01-07 04:45:00,Σύστημα
674,Υποβολή Παραγγελίας,2024-01-07 04:01:00,Πελάτης
674,Έλεγχος Πληρωμής,2024-01-07 04:03:00,Σύστημα
674,Ακύρωση Παραγγελίας,2024-01-07 04:34:00,Σύστημα
675,Υποβολή Παραγγελίας,2024-01-07 04:46:00,Πελάτης
675,Έλεγχος Πληρωμής,2024-01-07 04:56:00,Σύστημα
675,Ακύρωση Παραγγελίας,2024-01-07 05:20:00,Σύστημα
676,Υποβολή Παραγγελίας,2024-01-07 04:53:00,Πελάτης
676,Έλεγχος Πληρωμής,2024-01-07 04:58:00,Σύστημα
676,Συλλογή Προϊόντων,2024-01-07 16:58:00,Αποθηκάριος
676,Συσκευασία,2024-01-07 17:27:00,Αποθηκάριος
676,Αποστολή,2024-01-07 21:27:00,Courier
677,Υποβολή Παραγγελίας,2024-01-07 04:59:00,Πελάτης
677,Έλεγχος Πληρωμής,2024-01-07 05:03:00,Σύστημα
677,Συλλογή Προϊόντων,2024-01-08 01:03:00,Αποθηκάριος
677,Συσκευασία,2024-01-08 01:13:00,Αποθηκάριος
677,Αποστολή,2024-01-08 05:13:00,Courier
678,Υποβολή Παραγγελίας,2024-01-07 04:42:00,Πελάτης
678,Έλεγχος Πληρωμής,2024-01-07 04:49:00,Σύστημα
678,Συλλογή Προϊόντων,2024-01-07 07:49:00,Αποθηκάριος
678,Συσκευασία,2024-01-07 08:11:00,Αποθηκάριος
678,Αποστολή,2024-01-07 12:11:00,Courier
679,Υποβολή Παραγγελίας,2024-01-07 05:40:00,Πελάτης
679,Έλεγχος Πληρωμής,2024-01-07 05:50:00,Σύστημα
679,Συλλογή Προϊόντων,2024-01-08 05:50:00,Αποθηκάριος
679,Συσκευασία,2024-01-08 06:10:00,Αποθηκάριος
679,Αποστολή,2024-01-08 10:10:00,Courier
680,Υποβολή Παραγγελίας,2024-01-07 05:43:00,Πελάτης
680,Έλεγχος Πληρωμής,2024-01-07 05:46:00,Σύστημα
680,Ακύρωση Παραγγελίας,2024-01-07 06:32:00,Σύστημα
681,Υποβολή Παραγγελίας,2024-01-07 05:34:00,Πελάτης
681,Έλεγχος Πληρωμής,2024-01-07 05:48:00,Σύστημα
681,Συλλογή Προϊόντων,2024-01-07 10:48:00,Αποθηκάριος
681,Συσκευασία,2024-01-07 10:59:00,Αποθηκάριος
681,Αποστολή,2024-01-07 12:59:00,Courier
682,Υποβολή Παραγγελίας,2024-01-07 06:19:00,Πελάτης
682,Έλεγχος Πληρωμής,2024-01-07 06:32:00,Σύστημα
682,Συλλογή Προϊόντων,2024-01-07 15:32:00,Αποθηκάριος
682,Συσκευασία,2024-01-07 15:42:00,Αποθηκάριος
682,Αποστολή,2024-01-07 17:42:00,Courier
683,Υποβολή Παραγγελίας,2024-01-07 05:39:00,Πελάτης
683,Έλεγχος Πληρωμής,2024-01-07 05:45:00,Σύστημα
683,Συλλογή Προϊόντων,2024-01-07 07:45:00,Αποθηκάριος
683,Συσκευασία,2024-01-07 07:59:00,Αποθηκάριος
683,Αποστολή,2024-01-07 08:59:00,Courier
684,Υποβολή Παραγγελίας,2024-01-07 05:46:00,Πελάτης
684,Έλεγχος Πληρωμής,2024-01-07 05:50:00,Σύστημα
684,Συλλογή Προϊόντων,2024-01-07 18:50:00,Αποθηκάριος
684,Συσκευασία,2024-01-07 19:14:00,Αποθηκάριος
684,Αποστολή,2024-01-07 21:14:00,Courier
685,Υποβολή Παραγγελίας,2024-01-07 06:44:00,Πελάτης
685,Έλεγχος Πληρωμής,2024-01-07 06:55:00,Σύστημα
685,Συλλογή Προϊόντων,2024-01-07 23:55:00,Αποθηκάριος
685,Συσκευασία,2024-01-08 00:25:00,Αποθηκάριος
685,Αποστολή,2024-01-08 01:25:00,Courier
686,Υποβολή Παραγγελίας,2024-01-07 06:29:00,Πελάτης
686,Έλεγχος Πληρωμής,2024-01-07 06:32:00,Σύστημα
686,Συλλογή Προϊόντων,2024-01-07 23:32:00,Αποθηκάριος
686,Συσκευασία,2024-01-07 23:43:00,Αποθηκάριος
686,Αποστολή,2024-01-08 00:43:00,Courier
687,Υποβολή Παραγγελίας,2024-01-07 07:16:00,Πελάτης
687,Έλεγχος Πληρωμής,2024-01-07 07:28:00,Σύστημα
687,Συλλογή Προϊόντων,2024-01-07 15:28:00,Αποθηκάριος
687,Συσκευασία,2024-01-07 15:40:00,Αποθηκάριος
687,Αποστολή,2024-01-07 20:40:00,Courier
688,Υποβολή Παραγγελίας,2024-01-07 07:49:00,Πελάτης
688,Έλεγχος Πληρωμής,2024-01-07 08:03:00,Σύστημα
688,Ακύρωση Παραγγελίας,2024-01-07 08:56:00,Σύστημα
689,Υποβολή Παραγγελίας,2024-01-07 07:22:00,Πελάτης
689,Έλεγχος Πληρωμής,2024-01-07 07:28:00,Σύστημα
689,Συλλογή Προϊόντων,2024-01-07 11:28:00,Αποθηκάριος
689,Συσκευασία,2024-01-07 11:53:00,Αποθηκάριος
689,Αποστολή,2024-01-07 14:53:00,Courier
690,Υποβολή Παραγγελίας,2024-01-07 08:01:00,Πελάτης
690,Έλεγχος Πληρωμής,2024-01-07 08:08:00,Σύστημα
690,Συλλογή Προϊόντων,2024-01-07 16:08:00,Αποθηκάριος
690,Συσκευασία,2024-01-07 16:37:00,Αποθηκάριος
690,Αποστολή,2024-01-07 21:37:00,Courier
691,Υποβολή Παραγγελίας,2024-01-07 08:26:00,Πελάτης
691,Έλεγχος Πληρωμής,2024-01-07 08:37:00,Σύστημα
691,Συλλογή Προϊόντων,2024-01-07 20:37:00,Αποθηκάριος
691,Συσκευασία,2024-01-07 20:56:00,Αποθηκάριος
691,Αποστολή,2024-01-07 23:56:00,Courier
692,Υποβολή Παραγγελίας,2024-01-07 07:47:00,Πελάτης
692,Έλεγχος Πληρωμής,2024-01-07 08:02:00,Σύστημα
692,Συλλογή Προϊόντων,2024-01-07 19:02:00,Αποθηκάριος
692,Συσκευασία,2024-01-07 19:26:00,Αποθηκάριος
692,Αποστολή,2024-01-07 20:26:00,Courier
693,Υποβολή Παραγγελίας,2024-01-07 08:02:00,Πελάτης
693,Έλεγχος Πληρωμής,2024-01-07 08:11:00,Σύστημα
693,Συλλογή Προϊόντων,2024-01-08 08:11:00,Αποθηκάριος
693,Συσκευασία,2024-01-08 08:39:00,Αποθηκάριος
693,Αποστολή,2024-01-08 11:39:00,Courier
694,Υποβολή Παραγγελίας,2024-01-07 08:15:00,Πελάτης
694,Έλεγχος Πληρωμής,2024-01-07 08:16:00,Σύστημα
694,Ακύρωση Παραγγελίας,2024-01-07 08:45:00,Σύστημα
695,Υποβολή Παραγγελίας,2024-01-07 09:12:00,Πελάτης
695,Έλεγχος Πληρωμής,2024-01-07 09:26:00,Σύστημα
695,Συλλογή Προϊόντων,2024-01-08 03:26:00,Αποθηκάριος
695,Συσκευασία,2024-01-08 03:45:00,Αποθηκάριος
695,Αποστολή,2024-01-08 04:45:00,Courier
696,Υποβολή Παραγγελίας,2024-01-07 08:42:00,Πελάτης
696,Έλεγχος Πληρωμής,2024-01-07 08:51:00,Σύστημα
696,Ακύρωση Παραγγελίας,2024-01-07 09:19:00,Σύστημα
697,Υποβολή Παραγγελίας,2024-01-07 09:24:00,Πελάτης
697,Έλεγχος Πληρωμής,2024-01-07 09:31:00,Σύστημα
697,Συλλογή Προϊόντων,2024-01-07 16:31:00,Αποθηκάριος
697,Συσκευασία,2024-01-07 16:51:00,Αποθηκάριος
697,Διόρθωση Συσκευασίας,2024-01-07 17:37:00,Επόπτης
697,Συσκευασία,2024-01-07 17:47:00,Αποθηκάριος
697,Αποστολή,2024-01-07 22:47:00,Courier
698,Υποβολή Παραγγελίας,2024-01-07 08:59:00,Πελάτης
698,Έλεγχος Πληρωμής,2024-01-07 09:04:00,Σύστημα
698,Συλλογή Προϊόντων,2024-01-07 11:04:00,Αποθηκάριος
698,Συσκευασία,2024-01-07 11:26:00,Αποθηκάριος
698,Αποστολή,2024-01-07 12:26:00,Courier
699,Υποβολή Παραγγελίας,2024-01-07 09:14:00,Πελάτης
699,Έλεγχος Πληρωμής,2024-01-07 09:29:00,Σύστημα
699,Συλλογή Προϊόντων,2024-01-08 08:29:00,Αποθηκάριος
699,Συσκευασία,2024-01-08 08:51:00,Αποθηκάριος
699,Αποστολή,2024-01-08 10:51:00,Courier
700,Υποβολή Παραγγελίας,2024-01-07 09:37:00,Πελάτης
700,Έλεγχος Πληρωμής,2024-01-07 09:43:00,Σύστημα
700,Συλλογή Προϊόντων,2024-01-07 18:43:00,Αποθηκάριος
700,Συσκευασία,2024-01-07 19:13:00,Αποθηκάριος
700,Αποστολή,2024-01-07 20:13:00,Courier
701,Υποβολή Παραγγελίας,2024-01-07 10:00:00,Πελάτης
701,Έλεγχος Πληρωμής,2024-01-07 10:09:00,Σύστημα
701,Ακύρωση Παραγγελίας,2024-01-07 10:28:00,Σύστημα
702,Υποβολή Παραγγελίας,2024-01-07 09:42:00,Πελάτης
702,Έλεγχος Πληρωμής,2024-01-07 09:45:00,Σύστημα
702,Συλλογή Προϊόντων,2024-01-07 14:45:00,Αποθηκάριος
702,Συσκευασία,2024-01-07 15:13:00,Αποθηκάριος
702,Αποστολή,2024-01-07 17:13:00,Courier
703,Υποβολή Παραγγελίας,2024-01-07 10:29:00,Πελάτης
703,Έλεγχος Πληρωμής,2024-01-07 10:31:00,Σύστημα
703,Ακύρωση Παραγγελίας,2024-01-07 11:30:00,Σύστημα
704,Υποβολή Παραγγελίας,2024-01-07 10:50:00,Πελάτης
704,Έλεγχος Πληρωμής,2024-01-07 10:56:00,Σύστημα
704,Συλλογή Προϊόντων,2024-01-07 22:56:00,Αποθηκάριος
704,Συσκευασία,2024-01-07 23:26:00,Αποθηκάριος
704,Αποστολή,2024-01-08 02:26:00,Courier
705,Υποβολή Παραγγελίας,2024-01-07 10:37:00,Πελάτης
705,Έλεγχος Πληρωμής,2024-01-07 10:48:00,Σύστημα
705,Συλλογή Προϊόντων,2024-01-07 16:48:00,Αποθηκάριος
705,Συσκευασία,2024-01-07 17:03:00,Αποθηκάριος
705,Αποστολή,2024-01-07 20:03:00,Courier
706,Υποβολή Παραγγελίας,2024-01-07 11:17:00,Πελάτης
706,Έλεγχος Πληρωμής,2024-01-07 11:29:00,Σύστημα
706,Συλλογή Προϊόντων,2024-01-07 15:29:00,Αποθηκάριος
706,Συσκευασία,2024-01-07 15:50:00,Αποθηκάριος
706,Αποστολή,2024-01-07 19:50:00,Courier
707,Υποβολή Παραγγελίας,2024-01-07 11:17:00,Πελάτης
707,Έλεγχος Πληρωμής,2024-01-07 11:20:00,Σύστημα
707,Συλλογή Προϊόντων,2024-01-08 02:20:00,Αποθηκάριος
707,Συσκευασία,2024-01-08 02:47:00,Αποθηκάριος
707,Αποστολή,2024-01-08 06:47:00,Courier
708,Υποβολή Παραγγελίας,2024-01-07 11:28:00,Πελάτης
708,Έλεγχος Πληρωμής,2024-01-07 11:35:00,Σύστημα
708,Ακύρωση Παραγγελίας,2024-01-07 12:11:00,Σύστημα
709,Υποβολή Παραγγελίας,2024-01-07 11:00:00,Πελάτης
709,Έλεγχος Πληρωμής,2024-01-07 11:04:00,Σύστημα
709,Συλλογή Προϊόντων,2024-01-07 16:04:00,Αποθηκάριος
709,Συσκευασία,2024-01-07 16:29:00,Αποθηκάριος
709,Αποστολή,2024-01-07 21:29:00,Courier
710,Υποβολή Παραγγελίας,2024-01-07 11:22:00,Πελάτης
710,Έλεγχος Πληρωμής,2024-01-07 11:34:00,Σύστημα
710,Συλλογή Προϊόντων,2024-01-08 03:34:00,Αποθηκάριος
710,Συσκευασία,2024-01-08 03:48:00,Αποθηκάριος
710,Διόρθωση Συσκευασίας,2024-01-08 04:42:00,Επόπτης
710,Συσκευασία,2024-01-08 04:55:00,Αποθηκάριος
710,Αποστολή,2024-01-08 06:55:00,Courier
711,Υποβολή Παραγγελίας,2024-01-07 11:55:00,Πελάτης
711,Έλεγχος Πληρωμής,2024-01-07 12:09:00,Σύστημα
711,Συλλογή Προϊόντων,2024-01-08 09:09:00,Αποθηκάριος
711,Συσκευασία,2024-01-08 09:22:00,Αποθηκάριος
711,Αποστολή,2024-01-08 11:22:00,Courier
712,Υποβολή Παραγγελίας,2024-01-07 11:57:00,Πελάτης
712,Έλεγχος Πληρωμής,2024-01-07 12:00:00,Σύστημα
712,Συλλογή Προϊόντων,2024-01-08 04:00:00,Αποθηκάριος
712,Συσκευασία,2024-01-08 04:30:00,Αποθηκάριος
712,Διόρθωση Συσκευασίας,2024-01-08 04:50:00,Επόπτης
712,Συσκευασία,2024-01-08 04:58:00,Αποθηκάριος
712,Αποστολή,2024-01-08 09:58:00,Courier
713,Υποβολή Παραγγελίας,2024-01-07 12:21:00,Πελάτης
713,Έλεγχος Πληρωμής,2024-01-07 12:36:00,Σύστημα
713,Συλλογή Προϊόντων,2024-01-08 06:36:00,Αποθηκάριος
713,Συσκευασία,2024-01-08 06:57:00,Αποθηκάριος
713,Διόρθωση Συσκευασίας,2024-01-08 07:29:00,Επόπτης
713,Συσκευασία,2024-01-08 07:44:00,Αποθηκάριος
713,Αποστολή,2024-01-08 10:44:00,Courier
714,Υποβολή Παραγγελίας,2024-01-07 12:25:00,Πελάτης
714,Έλεγχος Πληρωμής,2024-01-07 12:30:00,Σύστημα
714,Συλλογή Προϊόντων,2024-01-07 15:30:00,Αποθηκάριος
714,Συσκευασία,2024-01-07 15:44:00,Αποθηκάριος
714,Αποστολή,2024-01-07 16:44:00,Courier
715,Υποβολή Παραγγελίας,2024-01-07 12:17:00,Πελάτης
715,Έλεγχος Πληρωμής,2024-01-07 12:29:00,Σύστημα
715,Συλλογή Προϊόντων,2024-01-07 20:29:00,Αποθηκάριος
715,Συσκευασία,2024-01-07 20:46:00,Αποθηκάριος
715,Διόρθωση Συσκευασίας,2024-01-07 21:31:00,Επόπτης
715,Συσκευασία,2024-01-07 21:36:00,Αποθηκάριος
715,Αποστολή,2024-01-07 23:36:00,Courier
716,Υποβολή Παραγγελίας,2024-01-07 12:31:00,Πελάτης
716,Έλεγχος Πληρωμής,2024-01-07 12:43:00,Σύστημα
716,Ακύρωση Παραγγελίας,2024-01-07 13:15:00,Σύστημα
717,Υποβολή Παραγγελίας,2024-01-07 13:29:00,Πελάτης
717,Έλεγχος Πληρωμής,2024-01-07 13:34:00,Σύστημα
717,Συλλογή Προϊόντων,2024-01-08 06:34:00,Αποθηκάριος
717,Συσκευασία,2024-01-08 06:56:00,Αποθηκάριος
717,Διόρθωση Συσκευασίας,2024-01-08 07:29:00,Επόπτης
717,Συσκευασία,2024-01-08 07:44:00,Αποθηκάριος
717,Αποστολή,2024-01-08 11:44:00,Courier
718,Υποβολή Παραγγελίας,2024-01-07 12:42:00,Πελάτης
718,Έλεγχος Πληρωμής,2024-01-07 12:49:00,Σύστημα
718,Συλλογή Προϊόντων,2024-01-08 08:49:00,Αποθηκάριος
718,Συσκευασία,2024-01-08 09:19:00,Αποθηκάριος
718,Αποστολή,2024-01-08 13:19:00,Courier
719,Υποβολή Παραγγελίας,2024-01-07 13:02:00,Πελάτης
719,Έλεγχος Πληρωμής,2024-01-07 13:10:00,Σύστημα
719,Συλλογή Προϊόντων,2024-01-08 12:10:00,Αποθηκάριος
719,Συσκευασία,2024-01-08 12:23:00,Αποθηκάριος
719,Αποστολή,2024-01-08 14:23:00,Courier
720,Υποβολή Παραγγελίας,2024-01-07 13:15:00,Πελάτης
720,Έλεγχος Πληρωμής,2024-01-07 13:23:00,Σύστημα
720,Ακύρωση Παραγγελίας,2024-01-07 13:33:00,Σύστημα
721,Υποβολή Παραγγελίας,2024-01-07 13:50:00,Πελάτης
721,Έλεγχος Πληρωμής,2024-01-07 14:05:00,Σύστημα
721,Συλλογή Προϊόντων,2024-01-08 14:05:00,Αποθηκάριος
721,Συσκευασία,2024-01-08 14:25:00,Αποθηκάριος
721,Αποστολή,2024-01-08 17:25:00,Courier
722,Υποβολή Παραγγελίας,2024-01-07 13:49:00,Πελάτης
722,Έλεγχος Πληρωμής,2024-01-07 13:53:00,Σύστημα
722,Ακύρωση Παραγγελίας,2024-01-07 14:18:00,Σύστημα
723,Υποβολή Παραγγελίας,2024-01-07 13:56:00,Πελάτης
723,Έλεγχος Πληρωμής,2024-01-07 14:09:00,Σύστημα
723,Συλλογή Προϊόντων,2024-01-08 11:09:00,Αποθηκάριος
723,Συσκευασία,2024-01-08 11:19:00,Αποθηκάριος
723,Αποστολή,2024-01-08 13:19:00,Courier
724,Υποβολή Παραγγελίας,2024-01-07 14:45:00,Πελάτης
724,Έλεγχος Πληρωμής,2024-01-07 15:00:00,Σύστημα
724,Συλλογή Προϊόντων,2024-01-08 05:00:00,Αποθηκάριος
724,Συσκευασία,2024-01-08 05:18:00,Αποθηκάριος
724,Αποστολή,2024-01-08 10:18:00,Courier
725,Υποβολή Παραγγελίας,2024-01-07 14:10:00,Πελάτης
725,Έλεγχος Πληρωμής,2024-01-07 14:25:00,Σύστημα
725,Συλλογή Προϊόντων,2024-01-07 18:25:00,Αποθηκάριος
725,Συσκευασία,2024-01-07 18:48:00,Αποθηκάριος
725,Αποστολή,2024-01-07 19:48:00,Courier
726,Υποβολή Παραγγελίας,2024-01-07 14:33:00,Πελάτης
726,Έλεγχος Πληρωμής,2024-01-07 14:45:00,Σύστημα
726,Συλλογή Προϊόντων,2024-01-08 09:45:00,Αποθηκάριος
726,Συσκευασία,2024-01-08 10:03:00,Αποθηκάριος
726,Αποστολή,2024-01-08 15:03:00,Courier
727,Υποβολή Παραγγελίας,2024-01-07 14:29:00,Πελάτης
727,Έλεγχος Πληρωμής,2024-01-07 14:40:00,Σύστημα
727,Συλλογή Προϊόντων,2024-01-08 10:40:00,Αποθηκάριος
727,Συσκευασία,2024-01-08 10:51:00,Αποθηκάριος
727,Αποστολή,2024-01-08 15:51:00,Courier
728,Υποβολή Παραγγελίας,2024-01-07 15:11:00,Πελάτης
728,Έλεγχος Πληρωμής,2024-01-07 15:15:00,Σύστημα
728,Συλλογή Προϊόντων,2024-01-08 10:15:00,Αποθηκάριος
728,Συσκευασία,2024-01-08 10:31:00,Αποθηκάριος
728,Αποστολή,2024-01-08 14:31:00,Courier
729,Υποβολή Παραγγελίας,2024-01-07 15:47:00,Πελάτης
729,Έλεγχος Πληρωμής,2024-01-07 16:02:00,Σύστημα
729,Συλλογή Προϊόντων,2024-01-08 09:02:00,Αποθηκάριος
729,Συσκευασία,2024-01-08 09:20:00,Αποθηκάριος
729,Αποστολή,2024-01-08 13:20:00,Courier
730,Υποβολή Παραγγελίας,2024-01-07 16:06:00,Πελάτης
730,Έλεγχος Πληρωμής,2024-01-07 16:15:00,Σύστημα
730,Συλλογή Προϊόντων,2024-01-08 14:15:00,Αποθηκάριος
730,Συσκευασία,2024-01-08 14:29:00,Αποθηκάριος
730,Αποστολή,2024-01-08 17:29:00,Courier
731,Υποβολή Παραγγελίας,2024-01-07 16:09:00,Πελάτης
731,Έλεγχος Πληρωμής,2024-01-07 16:20:00,Σύστημα
731,Συλλογή Προϊόντων,2024-01-07 18:20:00,Αποθηκάριος
731,Συσκευασία,2024-01-07 18:34:00,Αποθηκάριος
731,Αποστολή,2024-01-07 21:34:00,Courier
732,Υποβολή Παραγγελίας,2024-01-07 15:40:00,Πελάτης
732,Έλεγχος Πληρωμής,2024-01-07 15:44:00,Σύστημα
732,Ακύρωση Παραγγελίας,2024-01-07 16:23:00,Σύστημα
733,Υποβολή Παραγγελίας,2024-01-07 16:24:00,Πελάτης
733,Έλεγχος Πληρωμής,2024-01-07 16:35:00,Σύστημα
733,Συλλογή Προϊόντων,2024-01-08 11:35:00,Αποθηκάριος
733,Συσκευασία,2024-01-08 11:55:00,Αποθηκάριος
733,Διόρθωση Συσκευασίας,2024-01-08 12:12:00,Επόπτης
733,Συσκευασία,2024-01-08 12:20:00,Αποθηκάριος
733,Αποστολή,2024-01-08 17:20:00,Courier
734,Υποβολή Παραγγελίας,2024-01-07 16:04:00,Πελάτης
734,Έλεγχος Πληρωμής,2024-01-07 16:19:00,Σύστημα
734,Συλλογή Προϊόντων,2024-01-08 00:19:00,Αποθηκάριος
734,Συσκευασία,2024-01-08 00:45:00,Αποθηκάριος
734,Αποστολή,2024-01-08 04:45:00,Courier
735,Υποβολή Παραγγελίας,2024-01-07 16:18:00,Πελάτης
735,Έλεγχος Πληρωμής,2024-01-07 16:30:00,Σύστημα
735,Ακύρωση Παραγγελίας,2024-01-07 17:22:00,Σύστημα
736,Υποβολή Παραγγελίας,2024-01-07 17:17:00,Πελάτης
736,Έλεγχος Πληρωμής,2024-01-07 17:20:00,Σύστημα
736,Ακύρωση Παραγγελίας,2024-01-07 17:38:00,Σύστημα
737,Υποβολή Παραγγελίας,2024-01-07 17:00:00,Πελάτης
737,Έλεγχος Πληρωμής,2024-01-07 17:10:00,Σύστημα
737,Συλλογή Προϊόντων,2024-01-07 19:10:00,Αποθηκάριος
737,Συσκευασία,2024-01-07 19:34:00,Αποθηκάριος
737,Διόρθωση Συσκευασίας,2024-01-07 20:28:00,Επόπτης
737,Συσκευασία,2024-01-07 20:40:00,Αποθηκάριος
737,Αποστολή,2024-01-07 23:40:00,Courier
738,Υποβολή Παραγγελίας,2024-01-07 16:53:00,Πελάτης
738,Έλεγχος Πληρωμής,2024-01-07 17:06:00,Σύστημα
738,Συλλογή Προϊόντων,2024-01-08 15:06:00,Αποθηκάριος
738,Συσκευασία,2024-01-08 15:24:00,Αποθηκάριος
738,Αποστολή,2024-01-08 20:24:00,Courier
739,Υποβολή Παραγγελίας,2024-01-07 17:20:00,Πελάτης
739,Έλεγχος Πληρωμής,2024-01-07 17:25:00,Σύστημα
739,Συλλογή Προϊόντων,2024-01-08 06:25:00,Αποθηκάριος
739,Συσκευασία,2024-01-08 06:51:00,Αποθηκάριος
739,Αποστολή,2024-01-08 09:51:00,Courier
740,Υποβολή Παραγγελίας,2024-01-07 17:54:00,Πελάτης
740,Έλεγχος Πληρωμής,2024-01-07 18:03:00,Σύστημα
740,Συλλογή Προϊόντων,2024-01-07 21:03:00,Αποθηκάριος
740,Συσκευασία,2024-01-07 21:33:00,Αποθηκάριος
740,Αποστολή,2024-01-08 02:33:00,Courier
741,Υποβολή Παραγγελίας,2024-01-07 17:44:00,Πελάτης
741,Έλεγχος Πληρωμής,2024-01-07 17:56:00,Σύστημα
741,Ακύρωση Παραγγελίας,2024-01-07 18:33:00,Σύστημα
742,Υποβολή Παραγγελίας,2024-01-07 17:57:00,Πελάτης
742,Έλεγχος Πληρωμής,2024-01-07 18:02:00,Σύστημα
742,Συλλογή Προϊόντων,2024-01-08 06:02:00,Αποθηκάριος
742,Συσκευασία,2024-01-08 06:32:00,Αποθηκάριος
742,Αποστολή,2024-01-08 11:32:00,Courier
743,Υποβολή Παραγγελίας,2024-01-07 18:39:00,Πελάτης
743,Έλεγχος Πληρωμής,2024-01-07 18:43:00,Σύστημα
743,Συλλογή Προϊόντων,2024-01-08 18:43:00,Αποθηκάριος
743,Συσκευασία,2024-01-08 19:13:00,Αποθηκάριος
743,Διόρθωση Συσκευασίας,2024-01-08 20:00:00,Επόπτης
743,Συσκευασία,2024-01-08 20:06:00,Αποθηκάριος
743,Αποστολή,2024-01-08 22:06:00,Courier
744,Υποβολή Παραγγελίας,2024-01-07 18:53:00,Πελάτης
744,Έλεγχος Πληρωμής,2024-01-07 18:57:00,Σύστημα
744,Συλλογή Προϊόντων,2024-01-08 04:57:00,Αποθηκάριος
744,Συσκευασία,2024-01-08 05:23:00,Αποθηκάριος
744,Διόρθωση Συσκευασίας,2024-01-08 06:06:00,Επόπτης
744,Συσκευασία,2024-01-08 06:11:00,Αποθηκάριος
744,Αποστολή,2024-01-08 09:11:00,Courier
745,Υποβολή Παραγγελίας,2024-01-07 19:02:00,Πελάτης
745,Έλεγχος Πληρωμής,2024-01-07 19:06:00,Σύστημα
745,Συλλογή Προϊόντων,2024-01-07 21:06:00,Αποθηκάριος
745,Συσκευασία,2024-01-07 21:23:00,Αποθηκάριος
745,Αποστολή,2024-01-07 22:23:00,Courier
746,Υποβολή Παραγγελίας,2024-01-07 18:26:00,Πελάτης
746,Έλεγχος Πληρωμής,2024-01-07 18:30:00,Σύστημα
746,Συλλογή Προϊόντων,2024-01-08 09:30:00,Αποθηκάριος
746,Συσκευασία,2024-01-08 09:47:00,Αποθηκάριος
746,Αποστολή,2024-01-08 13:47:00,Courier
747,Υποβολή Παραγγελίας,2024-01-07 18:52:00,Πελάτης
747,Έλεγχος Πληρωμής,2024-01-07 19:01:00,Σύστημα
747,Συλλογή Προϊόντων,2024-01-08 13:01:00,Αποθηκάριος
747,Συσκευασία,2024-01-08 13:17:00,Αποθηκάριος
747,Αποστολή,2024-01-08 15:17:00,Courier
748,Υποβολή Παραγγελίας,2024-01-07 19:23:00,Πελάτης
748,Έλεγχος Πληρωμής,2024-01-07 19:27:00,Σύστημα
748,Συλλογή Προϊόντων,2024-01-07 23:27:00,Αποθηκάριος
748,Συσκευασία,2024-01-07 23:37:00,Αποθηκάριος
748,Αποστολή,2024-01-08 02:37:00,Courier
749,Υποβολή Παραγγελίας,2024-01-07 19:37:00,Πελάτης
749,Έλεγχος Πληρωμής,2024-01-07 19:50:00,Σύστημα
749,Συλλογή Προϊόντων,2024-01-07 23:50:00,Αποθηκάριος
749,Συσκευασία,2024-01-08 00:13:00,Αποθηκάριος
749,Αποστολή,2024-01-08 01:13:00,Courier
750,Υποβολή Παραγγελίας,2024-01-07 20:03:00,Πελάτης
750,Έλεγχος Πληρωμής,2024-01-07 20:13:00,Σύστημα
750,Ακύρωση Παραγγελίας,2024-01-07 21:13:00,Σύστημα
751,Υποβολή Παραγγελίας,2024-01-07 20:25:00,Πελάτης
751,Έλεγχος Πληρωμής,2024-01-07 20:33:00,Σύστημα
751,Συλλογή Προϊόντων,2024-01-08 09:33:00,Αποθηκάριος
751,Συσκευασία,2024-01-08 09:56:00,Αποθηκάριος
751,Αποστολή,2024-01-08 13:56:00,Courier
752,Υποβολή Παραγγελίας,2024-01-07 20:40:00,Πελάτης
752,Έλεγχος Πληρωμής,2024-01-07 20:47:00,Σύστημα
752,Ακύρωση Παραγγελίας,2024-01-07 21:13:00,Σύστημα
753,Υποβολή Παραγγελίας,2024-01-07 20:07:00,Πελάτης
753,Έλεγχος Πληρωμής,2024-01-07 20:16:00,Σύστημα
753,Συλλογή Προϊόντων,2024-01-08 03:16:00,Αποθηκάριος
753,Συσκευασία,2024-01-08 03:39:00,Αποθηκάριος
753,Αποστολή,2024-01-08 07:39:00,Courier
754,Υποβολή Παραγγελίας,2024-01-07 20:31:00,Πελάτης
754,Έλεγχος Πληρωμής,2024-01-07 20:36:00,Σύστημα
754,Ακύρωση Παραγγελίας,2024-01-07 21:33:00,Σύστημα
755,Υποβολή Παραγγελίας,2024-01-07 20:54:00,Πελάτης
755,Έλεγχος Πληρωμής,2024-01-07 21:01:00,Σύστημα
755,Συλλογή Προϊόντων,2024-01-07 23:01:00,Αποθηκάριος
755,Συσκευασία,2024-01-07 23:19:00,Αποθηκάριος
755,Αποστολή,2024-01-08 03:19:00,Courier
756,Υποβολή Παραγγελίας,2024-01-07 21:18:00,Πελάτης
756,Έλεγχος Πληρωμής,2024-01-07 21:24:00,Σύστημα
756,Συλλογή Προϊόντων,2024-01-08 11:24:00,Αποθηκάριος
756,Συσκευασία,2024-01-08 11:53:00,Αποθηκάριος
756,Αποστολή,2024-01-08 13:53:00,Courier
757,Υποβολή Παραγγελίας,2024-01-07 20:53:00,Πελάτης
757,Έλεγχος Πληρωμής,2024-01-07 20:54:00,Σύστημα
757,Συλλογή Προϊόντων,2024-01-08 06:54:00,Αποθηκάριος
757,Συσκευασία,2024-01-08 07:17:00,Αποθηκάριος
757,Αποστολή,2024-01-08 12:17:00,Courier
758,Υποβολή Παραγγελίας,2024-01-07 21:19:00,Πελάτης
758,Έλεγχος Πληρωμής,2024-01-07 21:34:00,Σύστημα
758,Συλλογή Προϊόντων,2024-01-08 15:34:00,Αποθηκάριος
758,Συσκευασία,2024-01-08 15:44:00,Αποθηκάριος
758,Αποστολή,2024-01-08 20:44:00,Courier
759,Υποβολή Παραγγελίας,2024-01-07 21:22:00,Πελάτης
759,Έλεγχος Πληρωμής,2024-01-07 21:28:00,Σύστημα
759,Ακύρωση Παραγγελίας,2024-01-07 22:14:00,Σύστημα
760,Υποβολή Παραγγελίας,2024-01-07 21:57:00,Πελάτης
760,Έλεγχος Πληρωμής,2024-01-07 22:11:00,Σύστημα
760,Συλλογή Προϊόντων,2024-01-08 14:11:00,Αποθηκάριος
760,Συσκευασία,2024-01-08 14:32:00,Αποθηκάριος
760,Αποστολή,2024-01-08 16:32:00,Courier
761,Υποβολή Παραγγελίας,2024-01-07 21:46:00,Πελάτης
761,Έλεγχος Πληρωμής,2024-01-07 21:57:00,Σύστημα
761,Συλλογή Προϊόντων,2024-01-08 13:57:00,Αποθηκάριος
761,Συσκευασία,2024-01-08 14:13:00,Αποθηκάριος
761,Διόρθωση Συσκευασίας,2024-01-08 14:58:00,Επόπτης
761,Συσκευασία,2024-01-08 15:06:00,Αποθηκάριος
761,Αποστολή,2024-01-08 20:06:00,Courier
762,Υποβολή Παραγγελίας,2024-01-07 22:03:00,Πελάτης
762,Έλεγχος Πληρωμής,2024-01-07 22:08:00,Σύστημα
762,Συλλογή Προϊόντων,2024-01-08 13:08:00,Αποθηκάριος
762,Συσκευασία,2024-01-08 13:20:00,Αποθηκάριος
762,Διόρθωση Συσκευασίας,2024-01-08 13:42:00,Επόπτης
762,Συσκευασία,2024-01-08 13:51:00,Αποθηκάριος
762,Αποστολή,2024-01-08 17:51:00,Courier
763,Υποβολή Παραγγελίας,2024-01-07 22:21:00,Πελάτης
763,Έλεγχος Πληρωμής,2024-01-07 22:27:00,Σύστημα
763,Ακύρωση Παραγγελίας,2024-01-07 22:46:00,Σύστημα
764,Υποβολή Παραγγελίας,2024-01-07 22:30:00,Πελάτης
764,Έλεγχος Πληρωμής,2024-01-07 22:33:00,Σύστημα
764,Συλλογή Προϊόντων,2024-01-08 15:33:00,Αποθηκάριος
764,Συσκευασία,2024-01-08 15:49:00,Αποθηκάριος
764,Αποστολή,2024-01-08 20:49:00,Courier
765,Υποβολή Παραγγελίας,2024-01-07 23:08:00,Πελάτης
765,Έλεγχος Πληρωμής,2024-01-07 23:15:00,Σύστημα
765,Συλλογή Προϊόντων,2024-01-08 20:15:00,Αποθηκάριος
765,Συσκευασία,2024-01-08 20:42:00,Αποθηκάριος
765,Διόρθωση Συσκευασίας,2024-01-08 21:32:00,Επόπτης
765,Συσκευασία,2024-01-08 21:47:00,Αποθηκάριος
765,Αποστολή,2024-01-08 22:47:00,Courier
766,Υποβολή Παραγγελίας,2024-01-07 23:23:00,Πελάτης
766,Έλεγχος Πληρωμής,2024-01-07 23:32:00,Σύστημα
766,Ακύρωση Παραγγελίας,2024-01-08 00:17:00,Σύστημα
767,Υποβολή Παραγγελίας,2024-01-07 23:33:00,Πελάτης
767,Έλεγχος Πληρωμής,2024-01-07 23:46:00,Σύστημα
767,Ακύρωση Παραγγελίας,2024-01-08 00:14:00,Σύστημα
768,Υποβολή Παραγγελίας,2024-01-07 23:29:00,Πελάτης
768,Έλεγχος Πληρωμής,2024-01-07 23:32:00,Σύστημα
768,Συλλογή Προϊόντων,2024-01-08 19:32:00,Αποθηκάριος
768,Συσκευασία,2024-01-08 19:45:00,Αποθηκάριος
768,Αποστολή,2024-01-08 20:45:00,Courier
769,Υποβολή Παραγγελίας,2024-01-07 23:22:00,Πελάτης
769,Έλεγχος Πληρωμής,2024-01-07 23:30:00,Σύστημα
769,Συλλογή Προϊόντων,2024-01-08 21:30:00,Αποθηκάριος
769,Συσκευασία,2024-01-08 21:53:00,Αποθηκάριος
769,Αποστολή,2024-01-09 00:53:00,Courier
770,Υποβολή Παραγγελίας,2024-01-08 00:00:00,Πελάτης
770,Έλεγχος Πληρωμής,2024-01-08 00:07:00,Σύστημα
770,Συλλογή Προϊόντων,2024-01-08 20:07:00,Αποθηκάριος
770,Συσκευασία,2024-01-08 20:30:00,Αποθηκάριος
770,Αποστολή,2024-01-08 23:30:00,Courier
771,Υποβολή Παραγγελίας,2024-01-08 00:23:00,Πελάτης
771,Έλεγχος Πληρωμής,2024-01-08 00:37:00,Σύστημα
771,Ακύρωση Παραγγελίας,2024-01-08 01:04:00,Σύστημα
772,Υποβολή Παραγγελίας,2024-01-07 23:54:00,Πελάτης
772,Έλεγχος Πληρωμής,2024-01-08 00:00:00,Σύστημα
772,Συλλογή Προϊόντων,2024-01-08 11:00:00,Αποθηκάριος
772,Συσκευασία,2024-01-08 11:10:00,Αποθηκάριος
772,Αποστολή,2024-01-08 15:10:00,Courier
773,Υποβολή Παραγγελίας,2024-01-08 00:09:00,Πελάτης
773,Έλεγχος Πληρωμής,2024-01-08 00:11:00,Σύστημα
773,Συλλογή Προϊόντων,2024-01-08 19:11:00,Αποθηκάριος
773,Συσκευασία,2024-01-08 19:22:00,Αποθηκάριος
773,Αποστολή,2024-01-08 21:22:00,Courier
774,Υποβολή Παραγγελίας,2024-01-08 01:12:00,Πελάτης
774,Έλεγχος Πληρωμής,2024-01-08 01:19:00,Σύστημα
774,Συλλογή Προϊόντων,2024-01-08 23:19:00,Αποθηκάριος
774,Συσκευασία,2024-01-08 23:34:00,Αποθηκάριος
774,Αποστολή,2024-01-09 02:34:00,Courier
775,Υποβολή Παραγγελίας,2024-01-08 01:05:00,Πελάτης
775,Έλεγχος Πληρωμής,2024-01-08 01:11:00,Σύστημα
775,Συλλογή Προϊόντων,2024-01-08 23:11:00,Αποθηκάριος
775,Συσκευασία,2024-01-08 23:27:00,Αποθηκάριος
775,Αποστολή,2024-01-09 04:27:00,Courier
776,Υποβολή Παραγγελίας,2024-01-08 00:37:00,Πελάτης
776,Έλεγχος Πληρωμής,2024-01-08 00:42:00,Σύστημα
776,Συλλογή Προϊόντων,2024-01-08 14:42:00,Αποθηκάριος
776,Συσκευασία,2024-01-08 14:54:00,Αποθηκάριος
776,Αποστολή,2024-01-08 17:54:00,Courier
777,Υποβολή Παραγγελίας,2024-01-08 01:24:00,Πελάτης
777,Έλεγχος Πληρωμής,2024-01-08 01:26:00,Σύστημα
777,Συλλογή Προϊόντων,2024-01-08 05:26:00,Αποθηκάριος
777,Συσκευασία,2024-01-08 05:52:00,Αποθηκάριος
777,Αποστολή,2024-01-08 10:52:00,Courier
778,Υποβολή Παραγγελίας,2024-01-08 01:48:00,Πελάτης
778,Έλεγχος Πληρωμής,2024-01-08 02:00:00,Σύστημα
778,Συλλογή Προϊόντων,2024-01-09 01:00:00,Αποθηκάριος
778,Συσκευασία,2024-01-09 01:13:00,Αποθηκάριος
778,Αποστολή,2024-01-09 03:13:00,Courier
779,Υποβολή Παραγγελίας,2024-01-08 01:44:00,Πελάτης
779,Έλεγχος Πληρωμής,2024-01-08 01:57:00,Σύστημα
779,Συλλογή Προϊόντων,2024-01-08 21:57:00,Αποθηκάριος
779,Συσκευασία,2024-01-08 22:07:00,Αποθηκάριος
779,Αποστολή,2024-01-09 00:07:00,Courier
780,Υποβολή Παραγγελίας,2024-01-08 01:46:00,Πελάτης
780,Έλεγχος Πληρωμής,2024-01-08 02:00:00,Σύστημα
780,Ακύρωση Παραγγελίας,2024-01-08 02:57:00,Σύστημα
781,Υποβολή Παραγγελίας,2024-01-08 02:23:00,Πελάτης
781,Έλεγχος Πληρωμής,2024-01-08 02:38:00,Σύστημα
781,Ακύρωση Παραγγελίας,2024-01-08 03:27:00,Σύστημα
782,Υποβολή Παραγγελίας,2024-01-08 02:30:00,Πελάτης
782,Έλεγχος Πληρωμής,2024-01-08 02:31:00,Σύστημα
782,Συλλογή Προϊόντων,2024-01-08 14:31:00,Αποθηκάριος
782,Συσκευασία,2024-01-08 14:58:00,Αποθηκάριος
782,Αποστολή,2024-01-08 19:58:00,Courier
783,Υποβολή Παραγγελίας,2024-01-08 02:33:00,Πελάτης
783,Έλεγχος Πληρωμής,2024-01-08 02:40:00,Σύστημα
783,Συλλογή Προϊόντων,2024-01-08 10:40:00,Αποθηκάριος
783,Συσκευασία,2024-01-08 11:02:00,Αποθηκάριος
783,Αποστολή,2024-01-08 13:02:00,Courier
784,Υποβολή Παραγγελίας,2024-01-08 02:45:00,Πελάτης
784,Έλεγχος Πληρωμής,2024-01-08 02:53:00,Σύστημα
784,Συλλογή Προϊόντων,2024-01-08 04:53:00,Αποθηκάριος
784,Συσκευασία,2024-01-08 05:03:00,Αποθηκάριος
784,Αποστολή,2024-01-08 10:03:00,Courier
785,Υποβολή Παραγγελίας,2024-01-08 03:06:00,Πελάτης
785,Έλεγχος Πληρωμής,2024-01-08 03:10:00,Σύστημα
785,Ακύρωση Παραγγελίας,2024-01-08 03:47:00,Σύστημα
786,Υποβολή Παραγγελίας,2024-01-08 02:39:00,Πελάτης
786,Έλεγχος Πληρωμής,2024-01-08 02:49:00,Σύστημα
786,Συλλογή Προϊόντων,2024-01-08 11:49:00,Αποθηκάριος
786,Συσκευασία,2024-01-08 12:12:00,Αποθηκάριος
786,Αποστολή,2024-01-08 13:12:00,Courier
787,Υποβολή Παραγγελίας,2024-01-08 02:51:00,Πελάτης
787,Έλεγχος Πληρωμής,2024-01-08 02:54:00,Σύστημα
787,Συλλογή Προϊόντων,2024-01-08 17:54:00,Αποθηκάριος
787,Συσκευασία,2024-01-08 18:24:00,Αποθηκάριος
787,Αποστολή,2024-01-08 23:24:00,Courier
788,Υποβολή Παραγγελίας,2024-01-08 03:32:00,Πελάτης
788,Έλεγχος Πληρωμής,2024-01-08 03:45:00,Σύστημα
788,Συλλογή Προϊόντων,2024-01-08 19:45:00,Αποθηκάριος
788,Συσκευασία,2024-01-08 20:04:00,Αποθηκάριος
788,Αποστολή,2024-01-08 21:04:00,Courier
789,Υποβολή Παραγγελίας,2024-01-08 03:33:00,Πελάτης
789,Έλεγχος Πληρωμής,2024-01-08 03:48:00,Σύστημα
789,Ακύρωση Παραγγελίας,2024-01-08 03:58:00,Σύστημα
790,Υποβολή Παραγγελίας,2024-01-08 04:19:00,Πελάτης
790,Έλεγχος Πληρωμής,2024-01-08 04:31:00,Σύστημα
790,Συλλογή Προϊόντων,2024-01-08 22:31:00,Αποθηκάριος
790,Συσκευασία,2024-01-08 22:49:00,Αποθηκάριος
790,Διόρθωση Συσκευασίας,2024-01-08 23:48:00,Επόπτης
790,Συσκευασία,2024-01-09 00:02:00,Αποθηκάριος
790,Αποστολή,2024-01-09 03:02:00,Courier
791,Υποβολή Παραγγελίας,2024-01-08 03:41:00,Πελάτης
791,Έλεγχος Πληρωμής,2024-01-08 03:53:00,Σύστημα
791,Συλλογή Προϊόντων,2024-01-09 03:53:00,Αποθηκάριος
791,Συσκευασία,2024-01-09 04:11:00,Αποθηκάριος
791,Αποστολή,2024-01-09 06:11:00,Courier
792,Υποβολή Παραγγελίας,2024-01-08 03:58:00,Πελάτης
792,Έλεγχος Πληρωμής,2024-01-08 04:06:00,Σύστημα
792,Συλλογή Προϊόντων,2024-01-08 16:06:00,Αποθηκάριος
792,Συσκευασία,2024-01-08 16:36:00,Αποθηκάριος
792,Διόρθωση Συσκευασίας,2024-01-08 17:22:00,Επόπτης
792,Συσκευασία,2024-01-08 17:36:00,Αποθηκάριος
792,Αποστολή,2024-01-08 20:36:00,Courier
793,Υποβολή Παραγγελίας,2024-01-08 04:21:00,Πελάτης
793,Έλεγχος Πληρωμής,2024-01-08 04:25:00,Σύστημα
793,Συλλογή Προϊόντων,2024-01-08 12:25:00,Αποθηκάριος
793,Συσκευασία,2024-01-08 12:53:00,Αποθηκάριος
793,Διόρθωση Συσκευασίας,2024-01-08 13:39:00,Επόπτης
793,Συσκευασία,2024-01-08 13:49:00,Αποθηκάριος
793,Αποστολή,2024-01-08 16:49:00,Courier
794,Υποβολή Παραγγελίας,2024-01-08 04:51:00,Πελάτης
794,Έλεγχος Πληρωμής,2024-01-08 05:06:00,Σύστημα
794,Συλλογή Προϊόντων,2024-01-08 13:06:00,Αποθηκάριος
794,Συσκευασία,2024-01-08 13:36:00,Αποθηκάριος
794,Αποστολή,2024-01-08 17:36:00,Courier
795,Υποβολή Παραγγελίας,2024-01-08 05:06:00,Πελάτης
795,Έλεγχος Πληρωμής,2024-01-08 05:15:00,Σύστημα
795,Συλλογή Προϊόντων,2024-01-09 04:15:00,Αποθηκάριος
795,Συσκευασία,2024-01-09 04:41:00,Αποθηκάριος
795,Αποστολή,2024-01-09 06:41:00,Courier
796,Υποβολή Παραγγελίας,2024-01-08 05:10:00,Πελάτης
796,Έλεγχος Πληρωμής,2024-01-08 05:17:00,Σύστημα
796,Συλλογή Προϊόντων,2024-01-08 16:17:00,Αποθηκάριος
796,Συσκευασία,2024-01-08 16:42:00,Αποθηκάριος
796,Αποστολή,2024-01-08 21:42:00,Courier
797,Υποβολή Παραγγελίας,2024-01-08 05:39:00,Πελάτης
797,Έλεγχος Πληρωμής,2024-01-08 05:45:00,Σύστημα
797,Συλλογή Προϊόντων,2024-01-08 23:45:00,Αποθηκάριος
797,Συσκευασία,2024-01-09 00:07:00,Αποθηκάριος
797,Αποστολή,2024-01-09 01:07:00,Courier
798,Υποβολή Παραγγελίας,2024-01-08 05:16:00,Πελάτης
798,Έλεγχος Πληρωμής,2024-01-08 05:25:00,Σύστημα
798,Συλλογή Προϊόντων,2024-01-08 19:25:00,Αποθηκάριος
798,Συσκευασία,2024-01-08 19:45:00,Αποθηκάριος
798,Διόρθωση Συσκευασίας,2024-01-08 20:02:00,Επόπτης
798,Συσκευασία,2024-01-08 20:17:00,Αποθηκάριος
798,Αποστολή,2024-01-09 01:17:00,Courier
799,Υποβολή Παραγγελίας,2024-01-08 05:06:00,Πελάτης
799,Έλεγχος Πληρωμής,2024-01-08 05:19:00,Σύστημα
799,Συλλογή Προϊόντων,2024-01-08 22:19:00,Αποθηκάριος
799,Συσκευασία,2024-01-08 22:40:00,Αποθηκάριος
799,Αποστολή,2024-01-09 00:40:00,Courier
800,Υποβολή Παραγγελίας,2024-01-08 06:08:00,Πελάτης
800,Έλεγχος Πληρωμής,2024-01-08 06:15:00,Σύστημα
800,Συλλογή Προϊόντων,2024-01-09 00:15:00,Αποθηκάριος
800,Συσκευασία,2024-01-09 00:29:00,Αποθηκάριος
800,Αποστολή,2024-01-09 01:29:00,Courier
801,Υποβολή Παραγγελίας,2024-01-08 05:43:00,Πελάτης
801,Έλεγχος Πληρωμής,2024-01-08 05:51:00,Σύστημα
801,Συλλογή Προϊόντων,2024-01-09 01:51:00,Αποθηκάριος
801,Συσκευασία,2024-01-09 02:16:00,Αποθηκάριος
801,Αποστολή,2024-01-09 03:16:00,Courier
802,Υποβολή Παραγγελίας,2024-01-08 06:04:00,Πελάτης
802,Έλεγχος Πληρωμής,2024-01-08 06:09:00,Σύστημα
802,Ακύρωση Παραγγελίας,2024-01-08 06:40:00,Σύστημα
803,Υποβολή Παραγγελίας,2024-01-08 06:09:00,Πελάτης
803,Έλεγχος Πληρωμής,2024-01-08 06:22:00,Σύστημα
803,Συλλογή Προϊόντων,2024-01-09 02:22:00,Αποθηκάριος
803,Συσκευασία,2024-01-09 02:50:00,Αποθηκάριος
803,Αποστολή,2024-01-09 07:50:00,Courier
804,Υποβολή Παραγγελίας,2024-01-08 06:40:00,Πελάτης
804,Έλεγχος Πληρωμής,2024-01-08 06:51:00,Σύστημα
804,Συλλογή Προϊόντων,2024-01-09 04:51:00,Αποθηκάριος
804,Συσκευασία,2024-01-09 05:10:00,Αποθηκάριος
804,Αποστολή,2024-01-09 08:10:00,Courier
805,Υποβολή Παραγγελίας,2024-01-08 07:08:00,Πελάτης
805,Έλεγχος Πληρωμής,2024-01-08 07:22:00,Σύστημα
805,Συλλογή Προϊόντων,2024-01-08 10:22:00,Αποθηκάριος
805,Συσκευασία,2024-01-08 10:33:00,Αποθηκάριος
805,Αποστολή,2024-01-08 12:33:00,Courier
806,Υποβολή Παραγγελίας,2024-01-08 07:00:00,Πελάτης
806,Έλεγχος Πληρωμής,2024-01-08 07:08:00,Σύστημα
806,Συλλογή Προϊόντων,2024-01-08 19:08:00,Αποθηκάριος
806,Συσκευασία,2024-01-08 19:22:00,Αποθηκάριος
806,Αποστολή,2024-01-08 23:22:00,Courier
807,Υποβολή Παραγγελίας,2024-01-08 07:11:00,Πελάτης
807,Έλεγχος Πληρωμής,2024-01-08 07:13:00,Σύστημα
807,Συλλογή Προϊόντων,2024-01-08 11:13:00,Αποθηκάριος
807,Συσκευασία,2024-01-08 11:24:00,Αποθηκάριος
807,Αποστολή,2024-01-08 16:24:00,Courier
808,Υποβολή Παραγγελίας,2024-01-08 07:51:00,Πελάτης
808,Έλεγχος Πληρωμής,2024-01-08 07:57:00,Σύστημα
808,Συλλογή Προϊόντων,2024-01-09 02:57:00,Αποθηκάριος
808,Συσκευασία,2024-01-09 03:10:00,Αποθηκάριος
808,Αποστολή,2024-01-09 04:10:00,Courier
809,Υποβολή Παραγγελίας,2024-01-08 07:46:00,Πελάτης
809,Έλεγχος Πληρωμής,2024-01-08 07:49:00,Σύστημα
809,Συλλογή Προϊόντων,2024-01-08 17:49:00,Αποθηκάριος
809,Συσκευασία,2024-01-08 18:15:00,Αποθηκάριος
809,Αποστολή,2024-01-08 19:15:00,Courier
810,Υποβολή Παραγγελίας,2024-01-08 08:25:00,Πελάτης
810,Έλεγχος Πληρωμής,2024-01-08 08:36:00,Σύστημα
810,Συλλογή Προϊόντων,2024-01-09 01:36:00,Αποθηκάριος
810,Συσκευασία,2024-01-09 01:54:00,Αποθηκάριος
810,Αποστολή,2024-01-09 06:54:00,Courier
811,Υποβολή Παραγγελίας,2024-01-08 08:30:00,Πελάτης
811,Έλεγχος Πληρωμής,2024-01-08 08:44:00,Σύστημα
811,Συλλογή Προϊόντων,2024-01-08 11:44:00,Αποθηκάριος
811,Συσκευασία,2024-01-08 12:03:00,Αποθηκάριος
811,Αποστολή,2024-01-08 16:03:00,Courier
812,Υποβολή Παραγγελίας,2024-01-08 08:42:00,Πελάτης
812,Έλεγχος Πληρωμής,2024-01-08 08:53:00,Σύστημα
812,Συλλογή Προϊόντων,2024-01-09 01:53:00,Αποθηκάριος
812,Συσκευασία,2024-01-09 02:23:00,Αποθηκάριος
812,Αποστολή,2024-01-09 07:23:00,Courier
813,Υποβολή Παραγγελίας,2024-01-08 08:42:00,Πελάτης
813,Έλεγχος Πληρωμής,2024-01-08 08:49:00,Σύστημα
813,Συλλογή Προϊόντων,2024-01-08 12:49:00,Αποθηκάριος
813,Συσκευασία,2024-01-08 13:17:00,Αποθηκάριος
813,Διόρθωση Συσκευασίας,2024-01-08 13:37:00,Επόπτης
813,Συσκευασία,2024-01-08 13:48:00,Αποθηκάριος
813,Αποστολή,2024-01-08 14:48:00,Courier
814,Υποβολή Παραγγελίας,2024-01-08 08:35:00,Πελάτης
814,Έλεγχος Πληρωμής,2024-01-08 08:44:00,Σύστημα
814,Συλλογή Προϊόντων,2024-01-08 21:44:00,Αποθηκάριος
814,Συσκευασία,2024-01-08 22:01:00,Αποθηκάριος
814,Διόρθωση Συσκευασίας,2024-01-08 22:29:00,Επόπτης
814,Συσκευασία,2024-01-08 22:43:00,Αποθηκάριος
814,Αποστολή,2024-01-09 01:43:00,Courier
815,Υποβολή Παραγγελίας,2024-01-08 09:21:00,Πελάτης
815,Έλεγχος Πληρωμής,2024-01-08 09:29:00,Σύστημα
815,Συλλογή Προϊόντων,2024-01-08 14:29:00,Αποθηκάριος
815,Συσκευασία,2024-01-08 14:40:00,Αποθηκάριος
815,Αποστολή,2024-01-08 17:40:00,Courier
816,Υποβολή Παραγγελίας,2024-01-08 09:30:00,Πελάτης
816,Έλεγχος Πληρωμής,2024-01-08 09:35:00,Σύστημα
816,Συλλογή Προϊόντων,2024-01-08 21:35:00,Αποθηκάριος
816,Συσκευασία,2024-01-08 21:51:00,Αποθηκάριος
816,Αποστολή,2024-01-08 22:51:00,Courier
817,Υποβολή Παραγγελίας,2024-01-08 09:46:00,Πελάτης
817,Έλεγχος Πληρωμής,2024-01-08 09:57:00,Σύστημα
817,Ακύρωση Παραγγελίας,2024-01-08 10:35:00,Σύστημα
818,Υποβολή Παραγγελίας,2024-01-08 09:22:00,Πελάτης
818,Έλεγχος Πληρωμής,2024-01-08 09:35:00,Σύστημα
818,Συλλογή Προϊόντων,2024-01-09 00:35:00,Αποθηκάριος
818,Συσκευασία,2024-01-09 00:51:00,Αποθηκάριος
818,Αποστολή,2024-01-09 04:51:00,Courier
819,Υποβολή Παραγγελίας,2024-01-08 09:16:00,Πελάτης
819,Έλεγχος Πληρωμής,2024-01-08 09:27:00,Σύστημα
819,Συλλογή Προϊόντων,2024-01-09 07:27:00,Αποθηκάριος
819,Συσκευασία,2024-01-09 07:54:00,Αποθηκάριος
819,Αποστολή,2024-01-09 11:54:00,Courier
820,Υποβολή Παραγγελίας,2024-01-08 10:01:00,Πελάτης
820,Έλεγχος Πληρωμής,2024-01-08 10:11:00,Σύστημα
820,Συλλογή Προϊόντων,2024-01-08 18:11:00,Αποθηκάριος
820,Συσκευασία,2024-01-08 18:24:00,Αποθηκάριος
820,Αποστολή,2024-01-08 23:24:00,Courier
821,Υποβολή Παραγγελίας,2024-01-08 10:12:00,Πελάτης
821,Έλεγχος Πληρωμής,2024-01-08 10:17:00,Σύστημα
821,Συλλογή Προϊόντων,2024-01-09 02:17:00,Αποθηκάριος
821,Συσκευασία,2024-01-09 02:45:00,Αποθηκάριος
821,Διόρθωση Συσκευασίας,2024-01-09 03:03:00,Επόπτης
821,Συσκευασία,2024-01-09 03:16:00,Αποθηκάριος
821,Αποστολή,2024-01-09 05:16:00,Courier
822,Υποβολή Παραγγελίας,2024-01-08 10:04:00,Πελάτης
822,Έλεγχος Πληρωμής,2024-01-08 10:14:00,Σύστημα
822,Συλλογή Προϊόντων,2024-01-09 09:14:00,Αποθηκάριος
822,Συσκευασία,2024-01-09 09:27:00,Αποθηκάριος
822,Διόρθωση Συσκευασίας,2024-01-09 10:06:00,Επόπτης
822,Συσκευασία,2024-01-09 10:12:00,Αποθηκάριος
822,Αποστολή,2024-01-09 12:12:00,Courier
823,Υποβολή Παραγγελίας,2024-01-08 10:04:00,Πελάτης
823,Έλεγχος Πληρωμής,2024-01-08 10:19:00,Σύστημα
823,Συλλογή Προϊόντων,2024-01-08 13:19:00,Αποθηκάριος
823,Συσκευασία,2024-01-08 13:49:00,Αποθηκάριος
823,Αποστολή,2024-01-08 18:49:00,Courier
824,Υποβολή Παραγγελίας,2024-01-08 10:49:00,Πελάτης
824,Έλεγχος Πληρωμής,2024-01-08 10:52:00,Σύστημα
824,Συλλογή Προϊόντων,2024-01-08 23:52:00,Αποθηκάριος
824,Συσκευασία,2024-01-09 00:03:00,Αποθηκάριος
824,Αποστολή,2024-01-09 01:03:00,Courier
825,Υποβολή Παραγγελίας,2024-01-08 10:45:00,Πελάτης
825,Έλεγχος Πληρωμής,2024-01-08 10:46:00,Σύστημα
825,Συλλογή Προϊόντων,2024-01-08 13:46:00,Αποθηκάριος
825,Συσκευασία,2024-01-08 14:10:00,Αποθηκάριος
825,Αποστολή,2024-01-08 17:10:00,Courier
826,Υποβολή Παραγγελίας,2024-01-08 10:45:00,Πελάτης
826,Έλεγχος Πληρωμής,2024-01-08 10:50:00,Σύστημα
826,Συλλογή Προϊόντων,2024-01-09 05:50:00,Αποθηκάριος
826,Συσκευασία,2024-01-09 06:14:00,Αποθηκάριος
826,Αποστολή,2024-01-09 09:14:00,Courier
827,Υποβολή Παραγγελίας,2024-01-08 11:22:00,Πελάτης
827,Έλεγχος Πληρωμής,2024-01-08 11:32:00,Σύστημα
827,Συλλογή Προϊόντων,2024-01-08 23:32:00,Αποθηκάριος
827,Συσκευασία,2024-01-08 23:52:00,Αποθηκάριος
827,Αποστολή,2024-01-09 00:52:00,Courier
828,Υποβολή Παραγγελίας,2024-01-08 11:34:00,Πελάτης
828,Έλεγχος Πληρωμής,2024-01-08 11:36:00,Σύστημα
828,Συλλογή Προϊόντων,2024-01-09 10:36:00,Αποθηκάριος
828,Συσκευασία,2024-01-09 11:04:00,Αποθηκάριος
828,Αποστολή,2024-01-09 15:04:00,Courier
829,Υποβολή Παραγγελίας,2024-01-08 11:40:00,Πελάτης
829,Έλεγχος Πληρωμής,2024-01-08 11:54:00,Σύστημα
829,Συλλογή Προϊόντων,2024-01-09 05:54:00,Αποθηκάριος
829,Συσκευασία,2024-01-09 06:10:00,Αποθηκάριος
829,Αποστολή,2024-01-09 11:10:00,Courier
830,Υποβολή Παραγγελίας,2024-01-08 12:22:00,Πελάτης
830,Έλεγχος Πληρωμής,2024-01-08 12:34:00,Σύστημα
830,Συλλογή Προϊόντων,2024-01-08 15:34:00,Αποθηκάριος
830,Συσκευασία,2024-01-08 15:50:00,Αποθηκάριος
830,Αποστολή,2024-01-08 16:50:00,Courier
831,Υποβολή Παραγγελίας,2024-01-08 12:38:00,Πελάτης
831,Έλεγχος Πληρωμής,2024-01-08 12:48:00,Σύστημα
831,Συλλογή Προϊόντων,2024-01-09 01:48:00,Αποθηκάριος
831,Συσκευασία,2024-01-09 02:15:00,Αποθηκάριος
831,Αποστολή,2024-01-09 05:15:00,Courier
832,Υποβολή Παραγγελίας,2024-01-08 12:07:00,Πελάτης
832,Έλεγχος Πληρωμής,2024-01-08 12:13:00,Σύστημα
832,Συλλογή Προϊόντων,2024-01-08 18:13:00,Αποθηκάριος
832,Συσκευασία,2024-01-08 18:25:00,Αποθηκάριος
832,Αποστολή,2024-01-08 23:25:00,Courier
833,Υποβολή Παραγγελίας,2024-01-08 13:11:00,Πελάτης
833,Έλεγχος Πληρωμής,2024-01-08 13:14:00,Σύστημα
833,Συλλογή Προϊόντων,2024-01-08 17:14:00,Αποθηκάριος
833,Συσκευασία,2024-01-08 17:33:00,Αποθηκάριος
833,Αποστολή,2024-01-08 18:33:00,Courier
834,Υποβολή Παραγγελίας,2024-01-08 12:33:00,Πελάτης
834,Έλεγχος Πληρωμής,2024-01-08 12:42:00,Σύστημα
834,Συλλογή Προϊόντων,2024-01-09 11:42:00,Αποθηκάριος
834,Συσκευασία,2024-01-09 12:09:00,Αποθηκάριος
834,Αποστολή,2024-01-09 16:09:00,Courier
835,Υποβολή Παραγγελίας,2024-01-08 13:37:00,Πελάτης
835,Έλεγχος Πληρωμής,2024-01-08 13:45:00,Σύστημα
835,Συλλογή Προϊόντων,2024-01-09 02:45:00,Αποθηκάριος
835,Συσκευασία,2024-01-09 03:13:00,Αποθηκάριος
835,Αποστολή,2024-01-09 06:13:00,Courier
836,Υποβολή Παραγγελίας,2024-01-08 12:54:00,Πελάτης
836,Έλεγχος Πληρωμής,2024-01-08 12:58:00,Σύστημα
836,Συλλογή Προϊόντων,2024-01-08 21:58:00,Αποθηκάριος
836,Συσκευασία,2024-01-08 22:08:00,Αποθηκάριος
836,Αποστολή,2024-01-08 23:08:00,Courier
837,Υποβολή Παραγγελίας,2024-01-08 13:15:00,Πελάτης
837,Έλεγχος Πληρωμής,2024-01-08 13:16:00,Σύστημα
837,Συλλογή Προϊόντων,2024-01-08 21:16:00,Αποθηκάριος
837,Συσκευασία,2024-01-08 21:40:00,Αποθηκάριος
837,Αποστολή,2024-01-08 22:40:00,Courier
838,Υποβολή Παραγγελίας,2024-01-08 13:26:00,Πελάτης
838,Έλεγχος Πληρωμής,2024-01-08 13:39:00,Σύστημα
838,Συλλογή Προϊόντων,2024-01-08 18:39:00,Αποθηκάριος
838,Συσκευασία,2024-01-08 19:02:00,Αποθηκάριος
838,Αποστολή,2024-01-08 23:02:00,Courier
839,Υποβολή Παραγγελίας,2024-01-08 13:53:00,Πελάτης
839,Έλεγχος Πληρωμής,2024-01-08 13:59:00,Σύστημα
839,Ακύρωση Παραγγελίας,2024-01-08 14:35:00,Σύστημα
840,Υποβολή Παραγγελίας,2024-01-08 14:11:00,Πελάτης
840,Έλεγχος Πληρωμής,2024-01-08 14:22:00,Σύστημα
840,Συλλογή Προϊόντων,2024-01-09 04:22:00,Αποθηκάριος
840,Συσκευασία,2024-01-09 04:37:00,Αποθηκάριος
840,Διόρθωση Συσκευασίας,2024-01-09 05:23:00,Επόπτης
840,Συσκευασία,2024-01-09 05:29:00,Αποθηκάριος
840,Αποστολή,2024-01-09 09:29:00,Courier
841,Υποβολή Παραγγελίας,2024-01-08 14:45:00,Πελάτης
841,Έλεγχος Πληρωμής,2024-01-08 14:55:00,Σύστημα
841,Συλλογή Προϊόντων,2024-01-09 08:55:00,Αποθηκάριος
841,Συσκευασία,2024-01-09 09:23:00,Αποθηκάριος
841,Αποστολή,2024-01-09 14:23:00,Courier
842,Υποβολή Παραγγελίας,2024-01-08 14:48:00,Πελάτης
842,Έλεγχος Πληρωμής,2024-01-08 14:53:00,Σύστημα
842,Συλλογή Προϊόντων,2024-01-08 16:53:00,Αποθηκάριος
842,Συσκευασία,2024-01-08 17:19:00,Αποθηκάριος
842,Αποστολή,2024-01-08 18:19:00,Courier
843,Υποβολή Παραγγελίας,2024-01-08 14:36:00,Πελάτης
843,Έλεγχος Πληρωμής,2024-01-08 14:41:00,Σύστημα
843,Συλλογή Προϊόντων,2024-01-08 20:41:00,Αποθηκάριος
843,Συσκευασία,2024-01-08 21:04:00,Αποθηκάριος
843,Αποστολή,2024-01-09 01:04:00,Courier
844,Υποβολή Παραγγελίας,2024-01-08 15:17:00,Πελάτης
844,Έλεγχος Πληρωμής,2024-01-08 15:22:00,Σύστημα
844,Συλλογή Προϊόντων,2024-01-09 08:22:00,Αποθηκάριος
844,Συσκευασία,2024-01-09 08:36:00,Αποθηκάριος
844,Διόρθωση Συσκευασίας,2024-01-09 09:20:00,Επόπτης
844,Συσκευασία,2024-01-09 09:27:00,Αποθηκάριος
844,Αποστολή,2024-01-09 11:27:00,Courier
845,Υποβολή Παραγγελίας,2024-01-08 15:52:00,Πελάτης
845,Έλεγχος Πληρωμής,2024-01-08 15:57:00,Σύστημα
845,Συλλογή Προϊόντων,2024-01-09 08:57:00,Αποθηκάριος
845,Συσκευασία,2024-01-09 09:22:00,Αποθηκάριος
845,Αποστολή,2024-01-09 11:22:00,Courier
846,Υποβολή Παραγγελίας,2024-01-08 15:27:00,Πελάτης
846,Έλεγχος Πληρωμής,2024-01-08 15:31:00,Σύστημα
846,Συλλογή Προϊόντων,2024-01-09 09:31:00,Αποθηκάριος
846,Συσκευασία,2024-01-09 09:47:00,Αποθηκάριος
846,Αποστολή,2024-01-09 10:47:00,Courier
847,Υποβολή Παραγγελίας,2024-01-08 15:29:00,Πελάτης
847,Έλεγχος Πληρωμής,2024-01-08 15:44:00,Σύστημα
847,Συλλογή Προϊόντων,2024-01-09 08:44:00,Αποθηκάριος
847,Συσκευασία,2024-01-09 09:10:00,Αποθηκάριος
847,Αποστολή,2024-01-09 14:10:00,Courier
848,Υποβολή Παραγγελίας,2024-01-08 15:24:00,Πελάτης
848,Έλεγχος Πληρωμής,2024-01-08 15:32:00,Σύστημα
848,Συλλογή Προϊόντων,2024-01-09 05:32:00,Αποθηκάριος
848,Συσκευασία,2024-01-09 06:00:00,Αποθηκάριος
848,Αποστολή,2024-01-09 08:00:00,Courier
849,Υποβολή Παραγγελίας,2024-01-08 16:02:00,Πελάτης
849,Έλεγχος Πληρωμής,2024-01-08 16:17:00,Σύστημα
849,Συλλογή Προϊόντων,2024-01-09 15:17:00,Αποθηκάριος
849,Συσκευασία,2024-01-09 15:47:00,Αποθηκάριος
849,Αποστολή,2024-01-09 20:47:00,Courier
850,Υποβολή Παραγγελίας,2024-01-08 15:39:00,Πελάτης
850,Έλεγχος Πληρωμής,2024-01-08 15:51:00,Σύστημα
850,Συλλογή Προϊόντων,2024-01-08 22:51:00,Αποθηκάριος
850,Συσκευασία,2024-01-08 23:01:00,Αποθηκάριος
850,Αποστολή,2024-01-09 01:01:00,Courier
851,Υποβολή Παραγγελίας,2024-01-08 16:18:00,Πελάτης
851,Έλεγχος Πληρωμής,2024-01-08 16:29:00,Σύστημα
851,Συλλογή Προϊόντων,2024-01-08 19:29:00,Αποθηκάριος
851,Συσκευασία,2024-01-08 19:45:00,Αποθηκάριος
851,Αποστολή,2024-01-08 23:45:00,Courier
852,Υποβολή Παραγγελίας,2024-01-08 16:43:00,Πελάτης
852,Έλεγχος Πληρωμής,2024-01-08 16:52:00,Σύστημα
852,Συλλογή Προϊόντων,2024-01-08 20:52:00,Αποθηκάριος
852,Συσκευασία,2024-01-08 21:04:00,Αποθηκάριος
852,Αποστολή,2024-01-08 22:04:00,Courier
853,Υποβολή Παραγγελίας,2024-01-08 17:06:00,Πελάτης
853,Έλεγχος Πληρωμής,2024-01-08 17:14:00,Σύστημα
853,Συλλογή Προϊόντων,2024-01-09 06:14:00,Αποθηκάριος
853,Συσκευασία,2024-01-09 06:37:00,Αποθηκάριος
853,Αποστολή,2024-01-09 09:37:00,Courier
854,Υποβολή Παραγγελίας,2024-01-08 17:18:00,Πελάτης
854,Έλεγχος Πληρωμής,2024-01-08 17:26:00,Σύστημα
854,Συλλογή Προϊόντων,2024-01-09 13:26:00,Αποθηκάριος
854,Συσκευασία,2024-01-09 13:54:00,Αποθηκάριος
854,Διόρθωση Συσκευασίας,2024-01-09 14:41:00,Επόπτης
854,Συσκευασία,2024-01-09 14:50:00,Αποθηκάριος
854,Αποστολή,2024-01-09 15:50:00,Courier
855,Υποβολή Παραγγελίας,2024-01-08 17:28:00,Πελάτης
855,Έλεγχος Πληρωμής,2024-01-08 17:37:00,Σύστημα
855,Συλλογή Προϊόντων,2024-01-09 00:37:00,Αποθηκάριος
855,Συσκευασία,2024-01-09 01:07:00,Αποθηκάριος
855,Διόρθωση Συσκευασίας,2024-01-09 01:26:00,Επόπτης
855,Συσκευασία,2024-01-09 01:36:00,Αποθηκάριος
855,Αποστολή,2024-01-09 03:36:00,Courier
856,Υποβολή Παραγγελίας,2024-01-08 17:09:00,Πελάτης
856,Έλεγχος Πληρωμής,2024-01-08 17:21:00,Σύστημα
856,Συλλογή Προϊόντων,2024-01-09 03:21:00,Αποθηκάριος
856,Συσκευασία,2024-01-09 03:51:00,Αποθηκάριος
856,Αποστολή,2024-01-09 06:51:00,Courier
857,Υποβολή Παραγγελίας,2024-01-08 17:36:00,Πελάτης
857,Έλεγχος Πληρωμής,2024-01-08 17:51:00,Σύστημα
857,Συλλογή Προϊόντων,2024-01-09 17:51:00,Αποθηκάριος
857,Συσκευασία,2024-01-09 18:05:00,Αποθηκάριος
857,Αποστολή,2024-01-09 19:05:00,Courier
858,Υποβολή Παραγγελίας,2024-01-08 17:19:00,Πελάτης
858,Έλεγχος Πληρωμής,2024-01-08 17:24:00,Σύστημα
858,Συλλογή Προϊόντων,2024-01-09 03:24:00,Αποθηκάριος
858,Συσκευασία,2024-01-09 03:48:00,Αποθηκάριος
858,Αποστολή,2024-01-09 04:48:00,Courier
859,Υποβολή Παραγγελίας,2024-01-08 17:10:00,Πελάτης
859,Έλεγχος Πληρωμής,2024-01-08 17:12:00,Σύστημα
859,Συλλογή Προϊόντων,2024-01-08 22:12:00,Αποθηκάριος
859,Συσκευασία,2024-01-08 22:22:00,Αποθηκάριος
859,Αποστολή,2024-01-09 01:22:00,Courier
860,Υποβολή Παραγγελίας,2024-01-08 17:46:00,Πελάτης
860,Έλεγχος Πληρωμής,2024-01-08 18:00:00,Σύστημα
860,Συλλογή Προϊόντων,2024-01-09 06:00:00,Αποθηκάριος
860,Συσκευασία,2024-01-09 06:27:00,Αποθηκάριος
860,Αποστολή,2024-01-09 07:27:00,Courier
861,Υποβολή Παραγγελίας,2024-01-08 17:31:00,Πελάτης
861,Έλεγχος Πληρωμής,2024-01-08 17:43:00,Σύστημα
861,Συλλογή Προϊόντων,2024-01-09 06:43:00,Αποθηκάριος
861,Συσκευασία,2024-01-09 07:07:00,Αποθηκάριος
861,Αποστολή,2024-01-09 10:07:00,Courier
862,Υποβολή Παραγγελίας,2024-01-08 18:11:00,Πελάτης
862,Έλεγχος Πληρωμής,2024-01-08 18:26:00,Σύστημα
862,Συλλογή Προϊόντων,2024-01-08 23:26:00,Αποθηκάριος
862,Συσκευασία,2024-01-08 23:51:00,Αποθηκάριος
862,Αποστολή,2024-01-09 03:51:00,Courier
863,Υποβολή Παραγγελίας,2024-01-08 18:41:00,Πελάτης
863,Έλεγχος Πληρωμής,2024-01-08 18:52:00,Σύστημα
863,Συλλογή Προϊόντων,2024-01-09 14:52:00,Αποθηκάριος
863,Συσκευασία,2024-01-09 15:18:00,Αποθηκάριος
863,Αποστολή,2024-01-09 18:18:00,Courier
864,Υποβολή Παραγγελίας,2024-01-08 18:10:00,Πελάτης
864,Έλεγχος Πληρωμής,2024-01-08 18:14:00,Σύστημα
864,Συλλογή Προϊόντων,2024-01-09 08:14:00,Αποθηκάριος
864,Συσκευασία,2024-01-09 08:36:00,Αποθηκάριος
864,Αποστολή,2024-01-09 11:36:00,Courier
865,Υποβολή Παραγγελίας,2024-01-08 18:22:00,Πελάτης
865,Έλεγχος Πληρωμής,2024-01-08 18:23:00,Σύστημα
865,Συλλογή Προϊόντων,2024-01-09 14:23:00,Αποθηκάριος
865,Συσκευασία,2024-01-09 14:36:00,Αποθηκάριος
865,Αποστολή,2024-01-09 17:36:00,Courier
866,Υποβολή Παραγγελίας,2024-01-08 19:05:00,Πελάτης
866,Έλεγχος Πληρωμής,2024-01-08 19:08:00,Σύστημα
866,Συλλογή Προϊόντων,2024-01-09 06:08:00,Αποθηκάριος
866,Συσκευασία,2024-01-09 06:34:00,Αποθηκάριος
866,Αποστολή,2024-01-09 11:34:00,Courier
867,Υποβολή Παραγγελίας,2024-01-08 18:58:00,Πελάτης
867,Έλεγχος Πληρωμής,2024-01-08 19:08:00,Σύστημα
867,Συλλογή Προϊόντων,2024-01-09 06:08:00,Αποθηκάριος
867,Συσκευασία,2024-01-09 06:29:00,Αποθηκάριος
867,Αποστολή,2024-01-09 07:29:00,Courier
868,Υποβολή Παραγγελίας,2024-01-08 19:40:00,Πελάτης
868,Έλεγχος Πληρωμής,2024-01-08 19:44:00,Σύστημα
868,Ακύρωση Παραγγελίας,2024-01-08 20:39:00,Σύστημα
869,Υποβολή Παραγγελίας,2024-01-08 19:33:00,Πελάτης
869,Έλεγχος Πληρωμής,2024-01-08 19:35:00,Σύστημα
869,Συλλογή Προϊόντων,2024-01-09 12:35:00,Αποθηκάριος
869,Συσκευασία,2024-01-09 13:00:00,Αποθηκάριος
869,Αποστολή,2024-01-09 15:00:00,Courier
870,Υποβολή Παραγγελίας,2024-01-08 20:11:00,Πελάτης
870,Έλεγχος Πληρωμής,2024-01-08 20:20:00,Σύστημα
870,Συλλογή Προϊόντων,2024-01-09 17:20:00,Αποθηκάριος
870,Συσκευασία,2024-01-09 17:40:00,Αποθηκάριος
870,Διόρθωση Συσκευασίας,2024-01-09 17:58:00,Επόπτης
870,Συσκευασία,2024-01-09 18:09:00,Αποθηκάριος
870,Αποστολή,2024-01-09 22:09:00,Courier
871,Υποβολή Παραγγελίας,2024-01-08 19:49:00,Πελάτης
871,Έλεγχος Πληρωμής,2024-01-08 20:01:00,Σύστημα
871,Συλλογή Προϊόντων,2024-01-09 01:01:00,Αποθηκάριος
871,Συσκευασία,2024-01-09 01:18:00,Αποθηκάριος
871,Αποστολή,2024-01-09 04:18:00,Courier
872,Υποβολή Παραγγελίας,2024-01-08 20:15:00,Πελάτης
872,Έλεγχος Πληρωμής,2024-01-08 20:24:00,Σύστημα
872,Συλλογή Προϊόντων,2024-01-08 22:24:00,Αποθηκάριος
872,Συσκευασία,2024-01-08 22:50:00,Αποθηκάριος
872,Αποστολή,2024-01-09 01:50:00,Courier
873,Υποβολή Παραγγελίας,2024-01-08 20:28:00,Πελάτης
873,Έλεγχος Πληρωμής,2024-01-08 20:32:00,Σύστημα
873,Συλλογή Προϊόντων,2024-01-09 02:32:00,Αποθηκάριος
873,Συσκευασία,2024-01-09 02:59:00,Αποθηκάριος
873,Αποστολή,2024-01-09 05:59:00,Courier
874,Υποβολή Παραγγελίας,2024-01-08 20:17:00,Πελάτης
874,Έλεγχος Πληρωμής,2024-01-08 20:20:00,Σύστημα
874,Συλλογή Προϊόντων,2024-01-09 17:20:00,Αποθηκάριος
874,Συσκευασία,2024-01-09 17:34:00,Αποθηκάριος
874,Αποστολή,2024-01-09 18:34:00,Courier
875,Υποβολή Παραγγελίας,2024-01-08 20:34:00,Πελάτης
875,Έλεγχος Πληρωμής,2024-01-08 20:41:00,Σύστημα
875,Συλλογή Προϊόντων,2024-01-08 22:41:00,Αποθηκάριος
875,Συσκευασία,2024-01-08 22:59:00,Αποθηκάριος
875,Αποστολή,2024-01-09 01:59:00,Courier
876,Υποβολή Παραγγελίας,2024-01-08 20:39:00,Πελάτης
876,Έλεγχος Πληρωμής,2024-01-08 20:48:00,Σύστημα
876,Συλλογή Προϊόντων,2024-01-09 10:48:00,Αποθηκάριος
876,Συσκευασία,2024-01-09 10:59:00,Αποθηκάριος
876,Αποστολή,2024-01-09 11:59:00,Courier
877,Υποβολή Παραγγελίας,2024-01-08 21:13:00,Πελάτης
877,Έλεγχος Πληρωμής,2024-01-08 21:15:00,Σύστημα
877,Συλλογή Προϊόντων,2024-01-09 12:15:00,Αποθηκάριος
877,Συσκευασία,2024-01-09 12:36:00,Αποθηκάριος
877,Αποστολή,2024-01-09 15:36:00,Courier
878,Υποβολή Παραγγελίας,2024-01-08 21:41:00,Πελάτης
878,Έλεγχος Πληρωμής,2024-01-08 21:55:00,Σύστημα
878,Ακύρωση Παραγγελίας,2024-01-08 22:52:00,Σύστημα
879,Υποβολή Παραγγελίας,2024-01-08 21:11:00,Πελάτης
879,Έλεγχος Πληρωμής,2024-01-08 21:26:00,Σύστημα
879,Συλλογή Προϊόντων,2024-01-09 07:26:00,Αποθηκάριος
879,Συσκευασία,2024-01-09 07:39:00,Αποθηκάριος
879,Αποστολή,2024-01-09 11:39:00,Courier
880,Υποβολή Παραγγελίας,2024-01-08 21:19:00,Πελάτης
880,Έλεγχος Πληρωμής,2024-01-08 21:21:00,Σύστημα
880,Συλλογή Προϊόντων,2024-01-09 04:21:00,Αποθηκάριος
880,Συσκευασία,2024-01-09 04:44:00,Αποθηκάριος
880,Αποστολή,2024-01-09 09:44:00,Courier
881,Υποβολή Παραγγελίας,2024-01-08 21:30:00,Πελάτης
881,Έλεγχος Πληρωμής,2024-01-08 21:37:00,Σύστημα
881,Συλλογή Προϊόντων,2024-01-09 02:37:00,Αποθηκάριος
881,Συσκευασία,2024-01-09 02:54:00,Αποθηκάριος
881,Αποστολή,2024-01-09 04:54:00,Courier
882,Υποβολή Παραγγελίας,2024-01-08 21:38:00,Πελάτης
882,Έλεγχος Πληρωμής,2024-01-08 21:51:00,Σύστημα
882,Συλλογή Προϊόντων,2024-01-09 07:51:00,Αποθηκάριος
882,Συσκευασία,2024-01-09 08:15:00,Αποθηκάριος
882,Αποστολή,2024-01-09 10:15:00,Courier
883,Υποβολή Παραγγελίας,2024-01-08 22:39:00,Πελάτης
883,Έλεγχος Πληρωμής,2024-01-08 22:49:00,Σύστημα
883,Συλλογή Προϊόντων,2024-01-09 17:49:00,Αποθηκάριος
883,Συσκευασία,2024-01-09 18:15:00,Αποθηκάριος
883,Αποστολή,2024-01-09 19:15:00,Courier
884,Υποβολή Παραγγελίας,2024-01-08 22:26:00,Πελάτης
884,Έλεγχος Πληρωμής,2024-01-08 22:27:00,Σύστημα
884,Συλλογή Προϊόντων,2024-01-09 01:27:00,Αποθηκάριος
884,Συσκευασία,2024-01-09 01:46:00,Αποθηκάριος
884,Αποστολή,2024-01-09 05:46:00,Courier
885,Υποβολή Παραγγελίας,2024-01-08 22:57:00,Πελάτης
885,Έλεγχος Πληρωμής,2024-01-08 23:03:00,Σύστημα
885,Ακύρωση Παραγγελίας,2024-01-08 23:27:00,Σύστημα
886,Υποβολή Παραγγελίας,2024-01-08 23:04:00,Πελάτης
886,Έλεγχος Πληρωμής,2024-01-08 23:07:00,Σύστημα
886,Συλλογή Προϊόντων,2024-01-09 09:07:00,Αποθηκάριος
886,Συσκευασία,2024-01-09 09:33:00,Αποθηκάριος
886,Αποστολή,2024-01-09 14:33:00,Courier
887,Υποβολή Παραγγελίας,2024-01-08 22:40:00,Πελάτης
887,Έλεγχος Πληρωμής,2024-01-08 22:53:00,Σύστημα
887,Συλλογή Προϊόντων,2024-01-09 08:53:00,Αποθηκάριος
887,Συσκευασία,2024-01-09 09:03:00,Αποθηκάριος
887,Αποστολή,2024-01-09 12:03:00,Courier
888,Υποβολή Παραγγελίας,2024-01-08 23:05:00,Πελάτης
888,Έλεγχος Πληρωμής,2024-01-08 23:07:00,Σύστημα
888,Συλλογή Προϊόντων,2024-01-09 03:07:00,Αποθηκάριος
888,Συσκευασία,2024-01-09 03:37:00,Αποθηκάριος
888,Αποστολή,2024-01-09 04:37:00,Courier
889,Υποβολή Παραγγελίας,2024-01-08 23:23:00,Πελάτης
889,Έλεγχος Πληρωμής,2024-01-08 23:32:00,Σύστημα
889,Συλλογή Προϊόντων,2024-01-09 18:32:00,Αποθηκάριος
889,Συσκευασία,2024-01-09 18:54:00,Αποθηκάριος
889,Αποστολή,2024-01-09 21:54:00,Courier
890,Υποβολή Παραγγελίας,2024-01-08 23:38:00,Πελάτης
890,Έλεγχος Πληρωμής,2024-01-08 23:51:00,Σύστημα
890,Συλλογή Προϊόντων,2024-01-09 21:51:00,Αποθηκάριος
890,Συσκευασία,2024-01-09 22:14:00,Αποθηκάριος
890,Αποστολή,2024-01-10 03:14:00,Courier
891,Υποβολή Παραγγελίας,2024-01-08 23:53:00,Πελάτης
891,Έλεγχος Πληρωμής,2024-01-08 23:59:00,Σύστημα
891,Συλλογή Προϊόντων,2024-01-09 01:59:00,Αποθηκάριος
891,Συσκευασία,2024-01-09 02:27:00,Αποθηκάριος
891,Αποστολή,2024-01-09 07:27:00,Courier
892,Υποβολή Παραγγελίας,2024-01-09 00:13:00,Πελάτης
892,Έλεγχος Πληρωμής,2024-01-09 00:20:00,Σύστημα
892,Συλλογή Προϊόντων,2024-01-09 09:20:00,Αποθηκάριος
892,Συσκευασία,2024-01-09 09:47:00,Αποθηκάριος
892,Αποστολή,2024-01-09 10:47:00,Courier
893,Υποβολή Παραγγελίας,2024-01-09 00:34:00,Πελάτης
893,Έλεγχος Πληρωμής,2024-01-09 00:45:00,Σύστημα
893,Συλλογή Προϊόντων,2024-01-09 04:45:00,Αποθηκάριος
893,Συσκευασία,2024-01-09 04:57:00,Αποθηκάριος
893,Αποστολή,2024-01-09 05:57:00,Courier
894,Υποβολή Παραγγελίας,2024-01-09 00:32:00,Πελάτης
894,Έλεγχος Πληρωμής,2024-01-09 00:45:00,Σύστημα
894,Συλλογή Προϊόντων,2024-01-09 06:45:00,Αποθηκάριος
894,Συσκευασία,2024-01-09 07:11:00,Αποθηκάριος
894,Αποστολή,2024-01-09 09:11:00,Courier
895,Υποβολή Παραγγελίας,2024-01-09 00:49:00,Πελάτης
895,Έλεγχος Πληρωμής,2024-01-09 01:01:00,Σύστημα
895,Συλλογή Προϊόντων,2024-01-09 11:01:00,Αποθηκάριος
895,Συσκευασία,2024-01-09 11:14:00,Αποθηκάριος
895,Αποστολή,2024-01-09 16:14:00,Courier
896,Υποβολή Παραγγελίας,2024-01-09 00:44:00,Πελάτης
896,Έλεγχος Πληρωμής,2024-01-09 00:58:00,Σύστημα
896,Συλλογή Προϊόντων,2024-01-09 22:58:00,Αποθηκάριος
896,Συσκευασία,2024-01-09 23:14:00,Αποθηκάριος
896,Αποστολή,2024-01-10 03:14:00,Courier
897,Υποβολή Παραγγελίας,2024-01-09 00:59:00,Πελάτης
897,Έλεγχος Πληρωμής,2024-01-09 01:06:00,Σύστημα
897,Συλλογή Προϊόντων,2024-01-10 01:06:00,Αποθηκάριος
897,Συσκευασία,2024-01-10 01:34:00,Αποθηκάριος
897,Αποστολή,2024-01-10 02:34:00,Courier
898,Υποβολή Παραγγελίας,2024-01-09 01:31:00,Πελάτης
898,Έλεγχος Πληρωμής,2024-01-09 01:41:00,Σύστημα
898,Συλλογή Προϊόντων,2024-01-09 23:41:00,Αποθηκάριος
898,Συσκευασία,2024-01-09 23:59:00,Αποθηκάριος
898,Αποστολή,2024-01-10 00:59:00,Courier
899,Υποβολή Παραγγελίας,2024-01-09 01:56:00,Πελάτης
899,Έλεγχος Πληρωμής,2024-01-09 01:59:00,Σύστημα
899,Ακύρωση Παραγγελίας,2024-01-09 02:56:00,Σύστημα
900,Υποβολή Παραγγελίας,2024-01-09 02:13:00,Πελάτης
900,Έλεγχος Πληρωμής,2024-01-09 02:28:00,Σύστημα
900,Συλλογή Προϊόντων,2024-01-09 23:28:00,Αποθηκάριος
900,Συσκευασία,2024-01-09 23:43:00,Αποθηκάριος
900,Αποστολή,2024-01-10 02:43:00,Courier
901,Υποβολή Παραγγελίας,2024-01-09 02:15:00,Πελάτης
901,Έλεγχος Πληρωμής,2024-01-09 02:20:00,Σύστημα
901,Συλλογή Προϊόντων,2024-01-09 05:20:00,Αποθηκάριος
901,Συσκευασία,2024-01-09 05:47:00,Αποθηκάριος
901,Αποστολή,2024-01-09 06:47:00,Courier
902,Υποβολή Παραγγελίας,2024-01-09 02:16:00,Πελάτης
902,Έλεγχος Πληρωμής,2024-01-09 02:29:00,Σύστημα
902,Συλλογή Προϊόντων,2024-01-09 17:29:00,Αποθηκάριος
902,Συσκευασία,2024-01-09 17:49:00,Αποθηκάριος
902,Διόρθωση Συσκευασίας,2024-01-09 18:08:00,Επόπτης
902,Συσκευασία,2024-01-09 18:21:00,Αποθηκάριος
902,Αποστολή,2024-01-09 21:21:00,Courier
903,Υποβολή Παραγγελίας,2024-01-09 02:25:00,Πελάτης
903,Έλεγχος Πληρωμής,2024-01-09 02:34:00,Σύστημα
903,Συλλογή Προϊόντων,2024-01-09 08:34:00,Αποθηκάριος
903,Συσκευασία,2024-01-09 08:50:00,Αποθηκάριος
903,Αποστολή,2024-01-09 12:50:00,Courier
904,Υποβολή Παραγγελίας,2024-01-09 03:08:00,Πελάτης
904,Έλεγχος Πληρωμής,2024-01-09 03:15:00,Σύστημα
904,Συλλογή Προϊόντων,2024-01-09 12:15:00,Αποθηκάριος
904,Συσκευασία,2024-01-09 12:39:00,Αποθηκάριος
904,Αποστολή,2024-01-09 16:39:00,Courier
905,Υποβολή Παραγγελίας,2024-01-09 03:22:00,Πελάτης
905,Έλεγχος Πληρωμής,2024-01-09 03:29:00,Σύστημα
905,Συλλογή Προϊόντων,2024-01-09 17:29:00,Αποθηκάριος
905,Συσκευασία,2024-01-09 17:48:00,Αποθηκάριος
905,Αποστολή,2024-01-09 22:48:00,Courier
906,Υποβολή Παραγγελίας,2024-01-09 02:41:00,Πελάτης
906,Έλεγχος Πληρωμής,2024-01-09 02:47:00,Σύστημα
906,Συλλογή Προϊόντων,2024-01-09 16:47:00,Αποθηκάριος
906,Συσκευασία,2024-01-09 17:10:00,Αποθηκάριος
906,Αποστολή,2024-01-09 18:10:00,Courier
907,Υποβολή Παραγγελίας,2024-01-09 03:16:00,Πελάτης
907,Έλεγχος Πληρωμής,2024-01-09 03:18:00,Σύστημα
907,Συλλογή Προϊόντων,2024-01-10 01:18:00,Αποθηκάριος
907,Συσκευασία,2024-01-10 01:33:00,Αποθηκάριος
907,Αποστολή,2024-01-10 05:33:00,Courier
908,Υποβολή Παραγγελίας,2024-01-09 03:58:00,Πελάτης
908,Έλεγχος Πληρωμής,2024-01-09 04:03:00,Σύστημα
908,Συλλογή Προϊόντων,2024-01-09 09:03:00,Αποθηκάριος
908,Συσκευασία,2024-01-09 09:24:00,Αποθηκάριος
908,Αποστολή,2024-01-09 14:24:00,Courier
909,Υποβολή Παραγγελίας,2024-01-09 04:10:00,Πελάτης
909,Έλεγχος Πληρωμής,2024-01-09 04:25:00,Σύστημα
909,Συλλογή Προϊόντων,2024-01-09 18:25:00,Αποθηκάριος
909,Συσκευασία,2024-01-09 18:37:00,Αποθηκάριος
909,Αποστολή,2024-01-09 21:37:00,Courier
910,Υποβολή Παραγγελίας,2024-01-09 04:36:00,Πελάτης
910,Έλεγχος Πληρωμής,2024-01-09 04:51:00,Σύστημα
910,Ακύρωση Παραγγελίας,2024-01-09 05:10:00,Σύστημα
911,Υποβολή Παραγγελίας,2024-01-09 04:58:00,Πελάτης
911,Έλεγχος Πληρωμής,2024-01-09 05:08:00,Σύστημα
911,Συλλογή Προϊόντων,2024-01-09 13:08:00,Αποθηκάριος
911,Συσκευασία,2024-01-09 13:29:00,Αποθηκάριος
911,Αποστολή,2024-01-09 14:29:00,Courier
912,Υποβολή Παραγγελίας,2024-01-09 04:34:00,Πελάτης
912,Έλεγχος Πληρωμής,2024-01-09 04:45:00,Σύστημα
912,Συλλογή Προϊόντων,2024-01-10 04:45:00,Αποθηκάριος
912,Συσκευασία,2024-01-10 05:01:00,Αποθηκάριος
912,Αποστολή,2024-01-10 06:01:00,Courier
913,Υποβολή Παραγγελίας,2024-01-09 05:14:00,Πελάτης
913,Έλεγχος Πληρωμής,2024-01-09 05:17:00,Σύστημα
913,Συλλογή Προϊόντων,2024-01-09 10:17:00,Αποθηκάριος
913,Συσκευασία,2024-01-09 10:37:00,Αποθηκάριος
913,Αποστολή,2024-01-09 13:37:00,Courier
914,Υποβολή Παραγγελίας,2024-01-09 05:06:00,Πελάτης
914,Έλεγχος Πληρωμής,2024-01-09 05:19:00,Σύστημα
914,Συλλογή Προϊόντων,2024-01-09 07:19:00,Αποθηκάριος
914,Συσκευασία,2024-01-09 07:41:00,Αποθηκάριος
914,Αποστολή,2024-01-09 09:41:00,Courier
915,Υποβολή Παραγγελίας,2024-01-09 05:41:00,Πελάτης
915,Έλεγχος Πληρωμής,2024-01-09 05:47:00,Σύστημα
915,Συλλογή Προϊόντων,2024-01-09 08:47:00,Αποθηκάριος
915,Συσκευασία,2024-01-09 09:12:00,Αποθηκάριος
915,Αποστολή,2024-01-09 13:12:00,Courier
916,Υποβολή Παραγγελίας,2024-01-09 05:18:00,Πελάτης
916,Έλεγχος Πληρωμής,2024-01-09 05:33:00,Σύστημα
916,Συλλογή Προϊόντων,2024-01-09 12:33:00,Αποθηκάριος
916,Συσκευασία,2024-01-09 13:03:00,Αποθηκάριος
916,Αποστολή,2024-01-09 16:03:00,Courier
917,Υποβολή Παραγγελίας,2024-01-09 05:18:00,Πελάτης
917,Έλεγχος Πληρωμής,2024-01-09 05:25:00,Σύστημα
917,Συλλογή Προϊόντων,2024-01-09 22:25:00,Αποθηκάριος
917,Συσκευασία,2024-01-09 22:39:00,Αποθηκάριος
917,Αποστολή,2024-01-10 00:39:00,Courier
918,Υποβολή Παραγγελίας,2024-01-09 06:04:00,Πελάτης
918,Έλεγχος Πληρωμής,2024-01-09 06:08:00,Σύστημα
918,Συλλογή Προϊόντων,2024-01-10 04:08:00,Αποθηκάριος
918,Συσκευασία,2024-01-10 04:21:00,Αποθηκάριος
918,Αποστολή,2024-01-10 07:21:00,Courier
919,Υποβολή Παραγγελίας,2024-01-09 05:43:00,Πελάτης
919,Έλεγχος Πληρωμής,2024-01-09 05:48:00,Σύστημα
919,Συλλογή Προϊόντων,2024-01-09 20:48:00,Αποθηκάριος
919,Συσκευασία,2024-01-09 21:09:00,Αποθηκάριος
919,Αποστολή,2024-01-10 01:09:00,Courier
920,Υποβολή Παραγγελίας,2024-01-09 05:42:00,Πελάτης
920,Έλεγχος Πληρωμής,2024-01-09 05:44:00,Σύστημα
920,Συλλογή Προϊόντων,2024-01-09 23:44:00,Αποθηκάριος
920,Συσκευασία,2024-01-09 23:55:00,Αποθηκάριος
920,Αποστολή,2024-01-10 00:55:00,Courier
921,Υποβολή Παραγγελίας,2024-01-09 06:22:00,Πελάτης
921,Έλεγχος Πληρωμής,2024-01-09 06:35:00,Σύστημα
921,Ακύρωση Παραγγελίας,2024-01-09 07:08:00,Σύστημα
922,Υποβολή Παραγγελίας,2024-01-09 06:59:00,Πελάτης
922,Έλεγχος Πληρωμής,2024-01-09 07:13:00,Σύστημα
922,Συλλογή Προϊόντων,2024-01-10 03:13:00,Αποθηκάριος
922,Συσκευασία,2024-01-10 03:29:00,Αποθηκάριος
922,Αποστολή,2024-01-10 07:29:00,Courier
923,Υποβολή Παραγγελίας,2024-01-09 07:25:00,Πελάτης
923,Έλεγχος Πληρωμής,2024-01-09 07:26:00,Σύστημα
923,Συλλογή Προϊόντων,2024-01-09 18:26:00,Αποθηκάριος
923,Συσκευασία,2024-01-09 18:42:00,Αποθηκάριος
923,Αποστολή,2024-01-09 23:42:00,Courier
924,Υποβολή Παραγγελίας,2024-01-09 07:32:00,Πελάτης
924,Έλεγχος Πληρωμής,2024-01-09 07:44:00,Σύστημα
924,Συλλογή Προϊόντων,2024-01-10 03:44:00,Αποθηκάριος
924,Συσκευασία,2024-01-10 03:58:00,Αποθηκάριος
924,Αποστολή,2024-01-10 07:58:00,Courier
925,Υποβολή Παραγγελίας,2024-01-09 07:17:00,Πελάτης
925,Έλεγχος Πληρωμής,2024-01-09 07:18:00,Σύστημα
925,Συλλογή Προϊόντων,2024-01-09 18:18:00,Αποθηκάριος
925,Συσκευασία,2024-01-09 18:31:00,Αποθηκάριος
925,Αποστολή,2024-01-09 19:31:00,Courier
926,Υποβολή Παραγγελίας,2024-01-09 07:36:00,Πελάτης
926,Έλεγχος Πληρωμής,2024-01-09 07:43:00,Σύστημα
926,Συλλογή Προϊόντων,2024-01-09 18:43:00,Αποθηκάριος
926,Συσκευασία,2024-01-09 18:58:00,Αποθηκάριος
926,Αποστολή,2024-01-09 22:58:00,Courier
927,Υποβολή Παραγγελίας,2024-01-09 08:07:00,Πελάτης
927,Έλεγχος Πληρωμής,2024-01-09 08:08:00,Σύστημα
927,Συλλογή Προϊόντων,2024-01-09 14:08:00,Αποθηκάριος
927,Συσκευασία,2024-01-09 14:18:00,Αποθηκάριος
927,Αποστολή,2024-01-09 15:18:00,Courier
928,Υποβολή Παραγγελίας,2024-01-09 07:36:00,Πελάτης
928,Έλεγχος Πληρωμής,2024-01-09 07:38:00,Σύστημα
928,Συλλογή Προϊόντων,2024-01-09 10:38:00,Αποθηκάριος
928,Συσκευασία,2024-01-09 10:49:00,Αποθηκάριος
928,Διόρθωση Συσκευασίας,2024-01-09 11:48:00,Επόπτης
928,Συσκευασία,2024-01-09 11:56:00,Αποθηκάριος
928,Αποστολή,2024-01-09 13:56:00,Courier
929,Υποβολή Παραγγελίας,2024-01-09 08:10:00,Πελάτης
929,Έλεγχος Πληρωμής,2024-01-09 08:13:00,Σύστημα
929,Συλλογή Προϊόντων,2024-01-10 04:13:00,Αποθηκάριος
929,Συσκευασία,2024-01-10 04:26:00,Αποθηκάριος
929,Αποστολή,2024-01-10 07:26:00,Courier
930,Υποβολή Παραγγελίας,2024-01-09 08:43:00,Πελάτης
930,Έλεγχος Πληρωμής,2024-01-09 08:49:00,Σύστημα
930,Συλλογή Προϊόντων,2024-01-09 22:49:00,Αποθηκάριος
930,Συσκευασία,2024-01-09 23:19:00,Αποθηκάριος
930,Αποστολή,2024-01-10 04:19:00,Courier
931,Υποβολή Παραγγελίας,2024-01-09 08:41:00,Πελάτης
931,Έλεγχος Πληρωμής,2024-01-09 08:56:00,Σύστημα
931,Συλλογή Προϊόντων,2024-01-09 23:56:00,Αποθηκάριος
931,Συσκευασία,2024-01-10 00:10:00,Αποθηκάριος
931,Αποστολή,2024-01-10 01:10:00,Courier
932,Υποβολή Παραγγελίας,2024-01-09 08:48:00,Πελάτης
932,Έλεγχος Πληρωμής,2024-01-09 09:01:00,Σύστημα
932,Συλλογή Προϊόντων,2024-01-09 11:01:00,Αποθηκάριος
932,Συσκευασία,2024-01-09 11:26:00,Αποθηκάριος
932,Αποστολή,2024-01-09 13:26:00,Courier
933,Υποβολή Παραγγελίας,2024-01-09 08:58:00,Πελάτης
933,Έλεγχος Πληρωμής,2024-01-09 09:09:00,Σύστημα
933,Συλλογή Προϊόντων,2024-01-10 08:09:00,Αποθηκάριος
933,Συσκευασία,2024-01-10 08:33:00,Αποθηκάριος
933,Αποστολή,2024-01-10 12:33:00,Courier
934,Υποβολή Παραγγελίας,2024-01-09 08:54:00,Πελάτης
934,Έλεγχος Πληρωμής,2024-01-09 09:05:00,Σύστημα
934,Συλλογή Προϊόντων,2024-01-09 11:05:00,Αποθηκάριος
934,Συσκευασία,2024-01-09 11:15:00,Αποθηκάριος
934,Διόρθωση Συσκευασίας,2024-01-09 11:44:00,Επόπτης
934,Συσκευασία,2024-01-09 11:51:00,Αποθηκάριος
934,Αποστολή,2024-01-09 12:51:00,Courier
935,Υποβολή Παραγγελίας,2024-01-09 09:40:00,Πελάτης
935,Έλεγχος Πληρωμής,2024-01-09 09:53:00,Σύστημα
935,Συλλογή Προϊόντων,2024-01-09 12:53:00,Αποθηκάριος
935,Συσκευασία,2024-01-09 13:21:00,Αποθηκάριος
935,Διόρθωση Συσκευασίας,2024-01-09 13:46:00,Επόπτης
935,Συσκευασία,2024-01-09 13:57:00,Αποθηκάριος
935,Αποστολή,2024-01-09 17:57:00,Courier
936,Υποβολή Παραγγελίας,2024-01-09 09:59:00,Πελάτης
936,Έλεγχος Πληρωμής,2024-01-09 10:08:00,Σύστημα
936,Συλλογή Προϊόντων,2024-01-09 12:08:00,Αποθηκάριος
936,Συσκευασία,2024-01-09 12:20:00,Αποθηκάριος
936,Αποστολή,2024-01-09 16:20:00,Courier
937,Υποβολή Παραγγελίας,2024-01-09 10:18:00,Πελάτης
937,Έλεγχος Πληρωμής,2024-01-09 10:32:00,Σύστημα
937,Συλλογή Προϊόντων,2024-01-09 14:32:00,Αποθηκάριος
937,Συσκευασία,2024-01-09 14:50:00,Αποθηκάριος
937,Αποστολή,2024-01-09 19:50:00,Courier
938,Υποβολή Παραγγελίας,2024-01-09 10:25:00,Πελάτης
938,Έλεγχος Πληρωμής,2024-01-09 10:39:00,Σύστημα
938,Συλλογή Προϊόντων,2024-01-09 20:39:00,Αποθηκάριος
938,Συσκευασία,2024-01-09 21:02:00,Αποθηκάριος
938,Αποστολή,2024-01-09 23:02:00,Courier
939,Υποβολή Παραγγελίας,2024-01-09 09:58:00,Πελάτης
939,Έλεγχος Πληρωμής,2024-01-09 10:09:00,Σύστημα
939,Συλλογή Προϊόντων,2024-01-10 05:09:00,Αποθηκάριος
939,Συσκευασία,2024-01-10 05:22:00,Αποθηκάριος
939,Διόρθωση Συσκευασίας,2024-01-10 06:18:00,Επόπτης
939,Συσκευασία,2024-01-10 06:23:00,Αποθηκάριος
939,Αποστολή,2024-01-10 10:23:00,Courier
940,Υποβολή Παραγγελίας,2024-01-09 10:57:00,Πελάτης
940,Έλεγχος Πληρωμής,2024-01-09 11:00:00,Σύστημα
940,Συλλογή Προϊόντων,2024-01-10 11:00:00,Αποθηκάριος
940,Συσκευασία,2024-01-10 11:15:00,Αποθηκάριος
940,Αποστολή,2024-01-10 14:15:00,Courier
941,Υποβολή Παραγγελίας,2024-01-09 10:19:00,Πελάτης
941,Έλεγχος Πληρωμής,2024-01-09 10:23:00,Σύστημα
941,Συλλογή Προϊόντων,2024-01-09 16:23:00,Αποθηκάριος
941,Συσκευασία,2024-01-09 16:45:00,Αποθηκάριος
941,Αποστολή,2024-01-09 21:45:00,Courier
942,Υποβολή Παραγγελίας,2024-01-09 11:17:00,Πελάτης
942,Έλεγχος Πληρωμής,2024-01-09 11:30:00,Σύστημα
942,Συλλογή Προϊόντων,2024-01-09 19:30:00,Αποθηκάριος
942,Συσκευασία,2024-01-09 19:48:00,Αποθηκάριος
942,Αποστολή,2024-01-09 22:48:00,Courier
943,Υποβολή Παραγγελίας,2024-01-09 10:46:00,Πελάτης
943,Έλεγχος Πληρωμής,2024-01-09 10:47:00,Σύστημα
943,Συλλογή Προϊόντων,2024-01-10 02:47:00,Αποθηκάριος
943,Συσκευασία,2024-01-10 02:59:00,Αποθηκάριος
943,Αποστολή,2024-01-10 03:59:00,Courier
944,Υποβολή Παραγγελίας,2024-01-09 11:17:00,Πελάτης
944,Έλεγχος Πληρωμής,2024-01-09 11:20:00,Σύστημα
944,Συλλογή Προϊόντων,2024-01-10 03:20:00,Αποθηκάριος
944,Συσκευασία,2024-01-10 03:36:00,Αποθηκάριος
944,Αποστολή,2024-01-10 04:36:00,Courier
945,Υποβολή Παραγγελίας,2024-01-09 11:32:00,Πελάτης
945,Έλεγχος Πληρωμής,2024-01-09 11:33:00,Σύστημα
945,Συλλογή Προϊόντων,2024-01-09 15:33:00,Αποθηκάριος
945,Συσκευασία,2024-01-09 15:44:00,Αποθηκάριος
945,Αποστολή,2024-01-09 18:44:00,Courier
946,Υποβολή Παραγγελίας,2024-01-09 11:27:00,Πελάτης
946,Έλεγχος Πληρωμής,2024-01-09 11:31:00,Σύστημα
946,Συλλογή Προϊόντων,2024-01-10 08:31:00,Αποθηκάριος
946,Συσκευασία,2024-01-10 08:54:00,Αποθηκάριος
946,Αποστολή,2024-01-10 13:54:00,Courier
947,Υποβολή Παραγγελίας,2024-01-09 11:46:00,Πελάτης
947,Έλεγχος Πληρωμής,2024-01-09 11:57:00,Σύστημα
947,Συλλογή Προϊόντων,2024-01-09 21:57:00,Αποθηκάριος
947,Συσκευασία,2024-01-09 22:10:00,Αποθηκάριος
947,Αποστολή,2024-01-10 02:10:00,Courier
948,Υποβολή Παραγγελίας,2024-01-09 12:09:00,Πελάτης
948,Έλεγχος Πληρωμής,2024-01-09 12:18:00,Σύστημα
948,Συλλογή Προϊόντων,2024-01-09 23:18:00,Αποθηκάριος
948,Συσκευασία,2024-01-09 23:38:00,Αποθηκάριος
948,Αποστολή,2024-01-10 03:38:00,Courier
949,Υποβολή Παραγγελίας,2024-01-09 12:46:00,Πελάτης
949,Έλεγχος Πληρωμής,2024-01-09 12:48:00,Σύστημα
949,Συλλογή Προϊόντων,2024-01-10 12:48:00,Αποθηκάριος
949,Συσκευασία,2024-01-10 13:01:00,Αποθηκάριος
949,Διόρθωση Συσκευασίας,2024-01-10 13:26:00,Επόπτης
949,Συσκευασία,2024-01-10 13:41:00,Αποθηκάριος
949,Αποστολή,2024-01-10 17:41:00,Courier
950,Υποβολή Παραγγελίας,2024-01-09 12:36:00,Πελάτης
950,Έλεγχος Πληρωμής,2024-01-09 12:49:00,Σύστημα
950,Συλλογή Προϊόντων,2024-01-09 20:49:00,Αποθηκάριος
950,Συσκευασία,2024-01-09 21:08:00,Αποθηκάριος
950,Διόρθωση Συσκευασίας,2024-01-09 21:45:00,Επόπτης
950,Συσκευασία,2024-01-09 21:50:00,Αποθηκάριος
950,Αποστολή,2024-01-09 23:50:00,Courier
951,Υποβολή Παραγγελίας,2024-01-09 12:43:00,Πελάτης
951,Έλεγχος Πληρωμής,2024-01-09 12:50:00,Σύστημα
951,Ακύρωση Παραγγελίας,2024-01-09 13:06:00,Σύστημα
952,Υποβολή Παραγγελίας,2024-01-09 12:57:00,Πελάτης
952,Έλεγχος Πληρωμής,2024-01-09 12:58:00,Σύστημα
952,Συλλογή Προϊόντων,2024-01-09 22:58:00,Αποθηκάριος
952,Συσκευασία,2024-01-09 23:25:00,Αποθηκάριος
952,Αποστολή,2024-01-10 02:25:00,Courier
953,Υποβολή Παραγγελίας,2024-01-09 13:10:00,Πελάτης
953,Έλεγχος Πληρωμής,2024-01-09 13:14:00,Σύστημα
953,Συλλογή Προϊόντων,2024-01-10 08:14:00,Αποθηκάριος
953,Συσκευασία,2024-01-10 08:28:00,Αποθηκάριος
953,Αποστολή,2024-01-10 10:28:00,Courier
954,Υποβολή Παραγγελίας,2024-01-09 12:58:00,Πελάτης
954,Έλεγχος Πληρωμής,2024-01-09 13:10:00,Σύστημα
954,Συλλογή Προϊόντων,2024-01-10 06:10:00,Αποθηκάριος
954,Συσκευασία,2024-01-10 06:31:00,Αποθηκάριος
954,Αποστολή,2024-01-10 08:31:00,Courier
955,Υποβολή Παραγγελίας,2024-01-09 13:53:00,Πελάτης
955,Έλεγχος Πληρωμής,2024-01-09 14:08:00,Σύστημα
955,Συλλογή Προϊόντων,2024-01-10 01:08:00,Αποθηκάριος
955,Συσκευασία,2024-01-10 01:27:00,Αποθηκάριος
955,Διόρθωση Συσκευασίας,2024-01-10 02:11:00,Επόπτης
955,Συσκευασία,2024-01-10 02:20:00,Αποθηκάριος
955,Αποστολή,2024-01-10 05:20:00,Courier
956,Υποβολή Παραγγελίας,2024-01-09 13:41:00,Πελάτης
956,Έλεγχος Πληρωμής,2024-01-09 13:45:00,Σύστημα
956,Συλλογή Προϊόντων,2024-01-09 17:45:00,Αποθηκάριος
956,Συσκευασία,2024-01-09 18:00:00,Αποθηκάριος
956,Αποστολή,2024-01-09 23:00:00,Courier
957,Υποβολή Παραγγελίας,2024-01-09 14:22:00,Πελάτης
957,Έλεγχος Πληρωμής,2024-01-09 14:24:00,Σύστημα
957,Συλλογή Προϊόντων,2024-01-10 00:24:00,Αποθηκάριος
957,Συσκευασία,2024-01-10 00:40:00,Αποθηκάριος
957,Αποστολή,2024-01-10 02:40:00,Courier
958,Υποβολή Παραγγελίας,2024-01-09 14:33:00,Πελάτης
958,Έλεγχος Πληρωμής,2024-01-09 14:36:00,Σύστημα
958,Συλλογή Προϊόντων,2024-01-10 05:36:00,Αποθηκάριος
958,Συσκευασία,2024-01-10 06:00:00,Αποθηκάριος
958,Αποστολή,2024-01-10 09:00:00,Courier
959,Υποβολή Παραγγελίας,2024-01-09 13:56:00,Πελάτης
959,Έλεγχος Πληρωμής,2024-01-09 13:59:00,Σύστημα
959,Συλλογή Προϊόντων,2024-01-10 02:59:00,Αποθηκάριος
959,Συσκευασία,2024-01-10 03:11:00,Αποθηκάριος
959,Διόρθωση Συσκευασίας,2024-01-10 03:26:00,Επόπτης
959,Συσκευασία,2024-01-10 03:33:00,Αποθηκάριος
959,Αποστολή,2024-01-10 05:33:00,Courier
960,Υποβολή Παραγγελίας,2024-01-09 14:44:00,Πελάτης
960,Έλεγχος Πληρωμής,2024-01-09 14:55:00,Σύστημα
960,Συλλογή Προϊόντων,2024-01-09 19:55:00,Αποθηκάριος
960,Συσκευασία,2024-01-09 20:05:00,Αποθηκάριος
960,Διόρθωση Συσκευασίας,2024-01-09 20:49:00,Επόπτης
960,Συσκευασία,2024-01-09 20:59:00,Αποθηκάριος
960,Αποστολή,2024-01-09 23:59:00,Courier
961,Υποβολή Παραγγελίας,2024-01-09 14:20:00,Πελάτης
961,Έλεγχος Πληρωμής,2024-01-09 14:21:00,Σύστημα
961,Συλλογή Προϊόντων,2024-01-10 03:21:00,Αποθηκάριος
961,Συσκευασία,2024-01-10 03:44:00,Αποθηκάριος
961,Αποστολή,2024-01-10 04:44:00,Courier
962,Υποβολή Παραγγελίας,2024-01-09 14:57:00,Πελάτης
962,Έλεγχος Πληρωμής,2024-01-09 15:00:00,Σύστημα
962,Συλλογή Προϊόντων,2024-01-09 17:00:00,Αποθηκάριος
962,Συσκευασία,2024-01-09 17:13:00,Αποθηκάριος
962,Διόρθωση Συσκευασίας,2024-01-09 17:54:00,Επόπτης
962,Συσκευασία,2024-01-09 18:02:00,Αποθηκάριος
962,Αποστολή,2024-01-09 20:02:00,Courier
963,Υποβολή Παραγγελίας,2024-01-09 15:27:00,Πελάτης
963,Έλεγχος Πληρωμής,2024-01-09 15:29:00,Σύστημα
963,Συλλογή Προϊόντων,2024-01-09 23:29:00,Αποθηκάριος
963,Συσκευασία,2024-01-09 23:53:00,Αποθηκάριος
963,Αποστολή,2024-01-10 03:53:00,Courier
964,Υποβολή Παραγγελίας,2024-01-09 15:14:00,Πελάτης
964,Έλεγχος Πληρωμής,2024-01-09 15:20:00,Σύστημα
964,Συλλογή Προϊόντων,2024-01-10 12:20:00,Αποθηκάριος
964,Συσκευασία,2024-01-10 12:45:00,Αποθηκάριος
964,Αποστολή,2024-01-10 15:45:00,Courier
965,Υποβολή Παραγγελίας,2024-01-09 15:55:00,Πελάτης
965,Έλεγχος Πληρωμής,2024-01-09 16:10:00,Σύστημα
965,Συλλογή Προϊόντων,2024-01-09 20:10:00,Αποθηκάριος
965,Συσκευασία,2024-01-09 20:25:00,Αποθηκάριος
965,Αποστολή,2024-01-10 00:25:00,Courier
966,Υποβολή Παραγγελίας,2024-01-09 15:34:00,Πελάτης
966,Έλεγχος Πληρωμής,2024-01-09 15:49:00,Σύστημα
966,Συλλογή Προϊόντων,2024-01-10 10:49:00,Αποθηκάριος
966,Συσκευασία,2024-01-10 11:00:00,Αποθηκάριος
966,Διόρθωση Συσκευασίας,2024-01-10 11:52:00,Επόπτης
966,Συσκευασία,2024-01-10 12:04:00,Αποθηκάριος
966,Αποστολή,2024-01-10 17:04:00,Courier
967,Υποβολή Παραγγελίας,2024-01-09 16:41:00,Πελάτης
967,Έλεγχος Πληρωμής,2024-01-09 16:43:00,Σύστημα
967,Συλλογή Προϊόντων,2024-01-09 23:43:00,Αποθηκάριος
967,Συσκευασία,2024-01-10 00:11:00,Αποθηκάριος
967,Αποστολή,2024-01-10 01:11:00,Courier
968,Υποβολή Παραγγελίας,2024-01-09 16:29:00,Πελάτης
968,Έλεγχος Πληρωμής,2024-01-09 16:33:00,Σύστημα
968,Ακύρωση Παραγγελίας,2024-01-09 17:29:00,Σύστημα
969,Υποβολή Παραγγελίας,2024-01-09 16:35:00,Πελάτης
969,Έλεγχος Πληρωμής,2024-01-09 16:48:00,Σύστημα
969,Συλλογή Προϊόντων,2024-01-10 05:48:00,Αποθηκάριος
969,Συσκευασία,2024-01-10 06:16:00,Αποθηκάριος
969,Διόρθωση Συσκευασίας,2024-01-10 07:06:00,Επόπτης
969,Συσκευασία,2024-01-10 07:12:00,Αποθηκάριος
969,Αποστολή,2024-01-10 09:12:00,Courier
970,Υποβολή Παραγγελίας,2024-01-09 16:10:00,Πελάτης
970,Έλεγχος Πληρωμής,2024-01-09 16:20:00,Σύστημα
970,Συλλογή Προϊόντων,2024-01-10 10:20:00,Αποθηκάριος
970,Συσκευασία,2024-01-10 10:39:00,Αποθηκάριος
970,Αποστολή,2024-01-10 14:39:00,Courier
971,Υποβολή Παραγγελίας,2024-01-09 17:03:00,Πελάτης
971,Έλεγχος Πληρωμής,2024-01-09 17:08:00,Σύστημα
971,Συλλογή Προϊόντων,2024-01-10 06:08:00,Αποθηκάριος
971,Συσκευασία,2024-01-10 06:24:00,Αποθηκάριος
971,Αποστολή,2024-01-10 11:24:00,Courier
972,Υποβολή Παραγγελίας,2024-01-09 16:49:00,Πελάτης
972,Έλεγχος Πληρωμής,2024-01-09 16:51:00,Σύστημα
972,Συλλογή Προϊόντων,2024-01-10 12:51:00,Αποθηκάριος
972,Συσκευασία,2024-01-10 13:17:00,Αποθηκάριος
972,Αποστολή,2024-01-10 16:17:00,Courier
973,Υποβολή Παραγγελίας,2024-01-09 17:45:00,Πελάτης
973,Έλεγχος Πληρωμής,2024-01-09 17:57:00,Σύστημα
973,Συλλογή Προϊόντων,2024-01-10 16:57:00,Αποθηκάριος
973,Συσκευασία,2024-01-10 17:09:00,Αποθηκάριος
973,Αποστολή,2024-01-10 21:09:00,Courier
974,Υποβολή Παραγγελίας,2024-01-09 17:33:00,Πελάτης
974,Έλεγχος Πληρωμής,2024-01-09 17:42:00,Σύστημα
974,Συλλογή Προϊόντων,2024-01-10 05:42:00,Αποθηκάριος
974,Συσκευασία,2024-01-10 06:08:00,Αποθηκάριος
974,Αποστολή,2024-01-10 10:08:00,Courier
975,Υποβολή Παραγγελίας,2024-01-09 17:37:00,Πελάτης
975,Έλεγχος Πληρωμής,2024-01-09 17:46:00,Σύστημα
975,Συλλογή Προϊόντων,2024-01-10 09:46:00,Αποθηκάριος
975,Συσκευασία,2024-01-10 09:59:00,Αποθηκάριος
975,Αποστολή,2024-01-10 10:59:00,Courier
976,Υποβολή Παραγγελίας,2024-01-09 18:02:00,Πελάτης
976,Έλεγχος Πληρωμής,2024-01-09 18:05:00,Σύστημα
976,Συλλογή Προϊόντων,2024-01-09 20:05:00,Αποθηκάριος
976,Συσκευασία,2024-01-09 20:28:00,Αποθηκάριος
976,Αποστολή,2024-01-09 21:28:00,Courier
977,Υποβολή Παραγγελίας,2024-01-09 17:36:00,Πελάτης
977,Έλεγχος Πληρωμής,2024-01-09 17:46:00,Σύστημα
977,Συλλογή Προϊόντων,2024-01-10 06:46:00,Αποθηκάριος
977,Συσκευασία,2024-01-10 07:00:00,Αποθηκάριος
977,Αποστολή,2024-01-10 10:00:00,Courier
978,Υποβολή Παραγγελίας,2024-01-09 17:49:00,Πελάτης
978,Έλεγχος Πληρωμής,2024-01-09 18:01:00,Σύστημα
978,Ακύρωση Παραγγελίας,2024-01-09 18:56:00,Σύστημα
979,Υποβολή Παραγγελίας,2024-01-09 18:26:00,Πελάτης
979,Έλεγχος Πληρωμής,2024-01-09 18:27:00,Σύστημα
979,Συλλογή Προϊόντων,2024-01-10 07:27:00,Αποθηκάριος
979,Συσκευασία,2024-01-10 07:51:00,Αποθηκάριος
979,Αποστολή,2024-01-10 10:51:00,Courier
980,Υποβολή Παραγγελίας,2024-01-09 18:11:00,Πελάτης
980,Έλεγχος Πληρωμής,2024-01-09 18:22:00,Σύστημα
980,Συλλογή Προϊόντων,2024-01-10 00:22:00,Αποθηκάριος
980,Συσκευασία,2024-01-10 00:32:00,Αποθηκάριος
980,Διόρθωση Συσκευασίας,2024-01-10 01:21:00,Επόπτης
980,Συσκευασία,2024-01-10 01:29:00,Αποθηκάριος
980,Αποστολή,2024-01-10 02:29:00,Courier
981,Υποβολή Παραγγελίας,2024-01-09 18:56:00,Πελάτης
981,Έλεγχος Πληρωμής,2024-01-09 18:58:00,Σύστημα
981,Συλλογή Προϊόντων,2024-01-09 21:58:00,Αποθηκάριος
981,Συσκευασία,2024-01-09 22:22:00,Αποθηκάριος
981,Αποστολή,2024-01-10 02:22:00,Courier
982,Υποβολή Παραγγελίας,2024-01-09 19:14:00,Πελάτης
982,Έλεγχος Πληρωμής,2024-01-09 19:22:00,Σύστημα
982,Συλλογή Προϊόντων,2024-01-10 16:22:00,Αποθηκάριος
982,Συσκευασία,2024-01-10 16:46:00,Αποθηκάριος
982,Αποστολή,2024-01-10 18:46:00,Courier
983,Υποβολή Παραγγελίας,2024-01-09 19:27:00,Πελάτης
983,Έλεγχος Πληρωμής,2024-01-09 19:40:00,Σύστημα
983,Συλλογή Προϊόντων,2024-01-10 19:40:00,Αποθηκάριος
983,Συσκευασία,2024-01-10 20:04:00,Αποθηκάριος
983,Αποστολή,2024-01-10 23:04:00,Courier
984,Υποβολή Παραγγελίας,2024-01-09 19:18:00,Πελάτης
984,Έλεγχος Πληρωμής,2024-01-09 19:21:00,Σύστημα
984,Συλλογή Προϊόντων,2024-01-10 08:21:00,Αποθηκάριος
984,Συσκευασία,2024-01-10 08:36:00,Αποθηκάριος
984,Αποστολή,2024-01-10 13:36:00,Courier
985,Υποβολή Παραγγελίας,2024-01-09 19:28:00,Πελάτης
985,Έλεγχος Πληρωμής,2024-01-09 19:37:00,Σύστημα
985,Συλλογή Προϊόντων,2024-01-10 15:37:00,Αποθηκάριος
985,Συσκευασία,2024-01-10 15:55:00,Αποθηκάριος
985,Αποστολή,2024-01-10 16:55:00,Courier
986,Υποβολή Παραγγελίας,2024-01-09 19:42:00,Πελάτης
986,Έλεγχος Πληρωμής,2024-01-09 19:53:00,Σύστημα
986,Συλλογή Προϊόντων,2024-01-10 00:53:00,Αποθηκάριος
986,Συσκευασία,2024-01-10 01:08:00,Αποθηκάριος
986,Αποστολή,2024-01-10 03:08:00,Courier
987,Υποβολή Παραγγελίας,2024-01-09 20:03:00,Πελάτης
987,Έλεγχος Πληρωμής,2024-01-09 20:11:00,Σύστημα
987,Ακύρωση Παραγγελίας,2024-01-09 20:38:00,Σύστημα
988,Υποβολή Παραγγελίας,2024-01-09 20:31:00,Πελάτης
988,Έλεγχος Πληρωμής,2024-01-09 20:32:00,Σύστημα
988,Συλλογή Προϊόντων,2024-01-10 10:32:00,Αποθηκάριος
988,Συσκευασία,2024-01-10 10:50:00,Αποθηκάριος
988,Αποστολή,2024-01-10 14:50:00,Courier
989,Υποβολή Παραγγελίας,2024-01-09 20:27:00,Πελάτης
989,Έλεγχος Πληρωμής,2024-01-09 20:42:00,Σύστημα
989,Συλλογή Προϊόντων,2024-01-10 09:42:00,Αποθηκάριος
989,Συσκευασία,2024-01-10 10:11:00,Αποθηκάριος
989,Αποστολή,2024-01-10 13:11:00,Courier
990,Υποβολή Παραγγελίας,2024-01-09 20:24:00,Πελάτης
990,Έλεγχος Πληρωμής,2024-01-09 20:25:00,Σύστημα
990,Ακύρωση Παραγγελίας,2024-01-09 21:02:00,Σύστημα
991,Υποβολή Παραγγελίας,2024-01-09 21:17:00,Πελάτης
991,Έλεγχος Πληρωμής,2024-01-09 21:23:00,Σύστημα
991,Συλλογή Προϊόντων,2024-01-10 03:23:00,Αποθηκάριος
991,Συσκευασία,2024-01-10 03:50:00,Αποθηκάριος
991,Αποστολή,2024-01-10 04:50:00,Courier
992,Υποβολή Παραγγελίας,2024-01-09 20:51:00,Πελάτης
992,Έλεγχος Πληρωμής,2024-01-09 20:58:00,Σύστημα
992,Ακύρωση Παραγγελίας,2024-01-09 21:10:00,Σύστημα
993,Υποβολή Παραγγελίας,2024-01-09 21:42:00,Πελάτης
993,Έλεγχος Πληρωμής,2024-01-09 21:55:00,Σύστημα
993,Συλλογή Προϊόντων,2024-01-10 03:55:00,Αποθηκάριος
993,Συσκευασία,2024-01-10 04:25:00,Αποθηκάριος
993,Αποστολή,2024-01-10 06:25:00,Courier
994,Υποβολή Παραγγελίας,2024-01-09 21:32:00,Πελάτης
994,Έλεγχος Πληρωμής,2024-01-09 21:38:00,Σύστημα
994,Συλλογή Προϊόντων,2024-01-10 06:38:00,Αποθηκάριος
994,Συσκευασία,2024-01-10 06:55:00,Αποθηκάριος
994,Αποστολή,2024-01-10 10:55:00,Courier
995,Υποβολή Παραγγελίας,2024-01-09 21:24:00,Πελάτης
995,Έλεγχος Πληρωμής,2024-01-09 21:36:00,Σύστημα
995,Συλλογή Προϊόντων,2024-01-10 21:36:00,Αποθηκάριος
995,Συσκευασία,2024-01-10 21:52:00,Αποθηκάριος
995,Αποστολή,2024-01-10 23:52:00,Courier
996,Υποβολή Παραγγελίας,2024-01-09 22:07:00,Πελάτης
996,Έλεγχος Πληρωμής,2024-01-09 22:09:00,Σύστημα
996,Συλλογή Προϊόντων,2024-01-10 22:09:00,Αποθηκάριος
996,Συσκευασία,2024-01-10 22:20:00,Αποθηκάριος
996,Αποστολή,2024-01-11 01:20:00,Courier
997,Υποβολή Παραγγελίας,2024-01-09 22:16:00,Πελάτης
997,Έλεγχος Πληρωμής,2024-01-09 22:19:00,Σύστημα
997,Συλλογή Προϊόντων,2024-01-10 03:19:00,Αποθηκάριος
997,Συσκευασία,2024-01-10 03:35:00,Αποθηκάριος
997,Αποστολή,2024-01-10 05:35:00,Courier
998,Υποβολή Παραγγελίας,2024-01-09 22:52:00,Πελάτης
998,Έλεγχος Πληρωμής,2024-01-09 23:01:00,Σύστημα
998,Συλλογή Προϊόντων,2024-01-10 01:01:00,Αποθηκάριος
998,Συσκευασία,2024-01-10 01:31:00,Αποθηκάριος
998,Αποστολή,2024-01-10 06:31:00,Courier
999,Υποβολή Παραγγελίας,2024-01-09 22:55:00,Πελάτης
999,Έλεγχος Πληρωμής,2024-01-09 23:10:00,Σύστημα
999,Συλλογή Προϊόντων,2024-01-10 06:10:00,Αποθηκάριος
999,Συσκευασία,2024-01-10 06:30:00,Αποθηκάριος
999,Αποστολή,2024-01-10 09:30:00,Courier
1000,Υποβολή Παραγγελίας,2024-01-09 22:14:00,Πελάτης
1000,Έλεγχος Πληρωμής,2024-01-09 22:23:00,Σύστημα
1000,Συλλογή Προϊόντων,2024-01-10 11:23:00,Αποθηκάριος
1000,Συσκευασία,2024-01-10 11:51:00,Αποθηκάριος
1000,Διόρθωση Συσκευασίας,2024-01-10 12:07:00,Επόπτης
1000,Συσκευασία,2024-01-10 12:18:00,Αποθηκάριος
1000,Αποστολή,2024-01-10 17:18:00,Courier
